OrderID,LineItemID,OrderDate,CustomerID,ProductID,Amount,Profit,Quantity,PaymentMode
B-25681,1,04-06-2018,30,1,1096,658,7,COD
B-26055,1,10-03-2018,1,2,5729,64,14,EMI
B-25955,1,16-01-2018,7,3,2927,146,8,EMI
B-26093,1,27-03-2018,8,4,2847,712,8,Credit Card
B-25602,1,01-04-2018,10,5,2617,1151,4,Credit Card
B-25881,1,25-11-2018,15,6,2244,247,4,Credit Card
B-25696,1,21-06-2018,100,7,275,-275,4,COD
B-25687,1,11-06-2018,205,7,387,-213,5,UPI
B-25643,1,29-04-2018,82,8,50,-44,2,UPI
B-25851,1,06-11-2018,218,9,135,-54,5,COD
B-25703,1,28-06-2018,249,8,231,-190,9,COD
B-25887,1,01-12-2018,17,4,2125,-234,6,EMI
B-25923,1,27-12-2018,4,5,3873,-891,6,Credit Card
B-25756,1,20-08-2018,128,3,729,-492,5,UPI
B-25761,1,25-08-2018,16,3,2188,1050,5,Credit Card
B-25655,1,11-05-2018,201,8,6,-3,1,UPI
B-25786,1,19-09-2018,3,3,1854,433,5,Credit Card
B-26095,1,28-03-2018,169,9,6,1,1,UPI
B-25853,1,08-11-2018,19,2,2093,721,5,Credit Card
B-25735,1,30-07-2018,339,10,7,-1,2,UPI
B-25910,1,14-12-2018,32,11,1622,-624,5,Credit Card
B-25950,1,13-01-2018,33,4,1622,95,5,Credit Card
B-25744,1,08-08-2018,209,4,373,254,6,UPI
B-25845,1,03-11-2018,120,9,82,-33,4,COD
B-26001,1,07-02-2018,291,10,8,2,2,UPI
B-25830,1,26-10-2018,21,5,1954,782,3,Credit Card
B-25842,1,02-11-2018,40,4,1543,370,8,Credit Card
B-25778,1,11-09-2018,42,4,1506,-266,6,Credit Card
B-25686,1,11-06-2018,22,11,1829,-56,6,Credit Card
B-25754,1,18-08-2018,226,10,9,-1,3,UPI
B-26048,1,04-03-2018,44,11,1461,202,5,EMI
B-25816,1,12-10-2018,202,12,391,113,8,COD
B-26022,1,18-02-2018,23,5,1824,1303,8,Credit Card
B-25883,1,27-11-2018,295,8,16,-15,4,UPI
B-26003,1,08-02-2018,24,11,1745,122,2,Credit Card
B-26097,1,28-03-2018,138,4,663,-212,5,UPI
B-25710,1,05-07-2018,153,13,10,-1,1,UPI
B-25797,1,30-09-2018,28,11,1630,802,5,EMI
B-25618,1,18-04-2018,62,8,12,0,2,UPI
B-25723,1,18-07-2018,352,13,12,-7,2,UPI
B-25755,1,19-08-2018,25,6,1709,564,3,Credit Card
B-25788,1,21-09-2018,402,12,12,3,1,UPI
B-25681,2,04-06-2018,30,5,1625,-77,3,EMI
B-25991,1,03-02-2018,269,8,13,5,2,UPI
B-25779,1,12-09-2018,49,11,1361,980,3,COD
B-25909,1,13-12-2018,31,5,1622,-448,3,EMI
B-25943,1,09-01-2018,39,14,1547,340,6,EMI
B-25935,1,04-01-2018,27,2,1657,460,4,Credit Card
B-25613,1,12-04-2018,34,7,1603,0,9,Credit Card
B-25729,1,22-07-2018,38,5,1549,-439,4,Credit Card
B-25772,1,02-09-2018,69,4,1183,106,4,EMI
B-25655,2,11-05-2018,201,10,74,-123,8,UPI
B-25640,1,27-04-2018,181,7,1499,239,13,Credit Card
B-25810,1,10-10-2018,74,7,1120,199,6,EMI
B-25801,1,01-10-2018,358,15,15,-2,1,Debit Card
B-26085,1,26-03-2018,23,6,1487,624,3,Credit Card
B-25868,1,18-11-2018,75,11,1118,206,2,Credit Card
B-25714,1,09-07-2018,215,8,11,-5,2,COD
B-25784,1,15-09-2018,400,8,15,4,1,Debit Card
B-25608,1,08-04-2018,47,11,1364,1864,5,Credit Card
B-26051,1,07-03-2018,51,4,1337,147,7,Credit Card
B-25900,1,09-12-2018,256,13,15,2,1,Debit Card
B-25760,1,24-08-2018,224,4,322,-193,5,UPI
B-25762,1,26-08-2018,54,1,1316,527,7,Credit Card
B-25995,1,04-02-2018,55,3,1314,342,3,Credit Card
B-25965,1,21-01-2018,397,8,17,7,3,Debit Card
B-25967,1,21-01-2018,6,10,17,2,2,Debit Card
B-25674,1,28-05-2018,396,10,17,-12,5,Debit Card
B-25929,1,02-01-2018,56,3,1308,536,3,Credit Card
B-25777,1,10-09-2018,79,4,1076,-38,4,Credit Card
B-26006,1,09-02-2018,57,14,1301,573,5,Credit Card
B-25697,1,22-06-2018,58,4,1300,-16,8,Credit Card
B-25667,1,23-05-2018,85,8,11,-2,4,COD
B-25836,1,29-10-2018,59,4,1298,65,9,EMI
B-25984,1,30-01-2018,189,12,304,97,6,UPI
B-25728,1,22-07-2018,83,4,1055,264,4,EMI
B-25757,1,21-08-2018,5,10,17,-13,4,Debit Card
B-25957,1,18-01-2018,70,12,147,73,3,COD
B-26061,1,14-03-2018,87,4,965,-68,3,COD
B-25735,2,30-07-2018,339,8,12,-2,3,COD
B-25616,1,15-04-2018,244,8,14,-2,3,UPI
B-25666,1,22-05-2018,91,1,934,-916,7,COD
B-25675,1,31-05-2018,92,7,929,-93,9,COD
B-26079,1,22-03-2018,195,8,18,3,2,Debit Card
B-25850,1,05-11-2018,95,5,916,192,11,COD
B-25693,1,18-06-2018,150,8,76,-72,9,COD
B-25852,1,07-11-2018,103,11,869,67,4,COD
B-25860,1,15-11-2018,325,9,112,24,3,COD
B-25853,2,08-11-2018,19,10,39,16,6,UPI
B-25898,1,07-12-2018,96,11,857,-274,2,COD
B-26100,1,31-03-2018,109,2,828,230,2,COD
B-25653,1,08-05-2018,52,4,1279,-640,8,EMI
B-25839,1,30-10-2018,65,7,1250,486,7,EMI
B-25651,1,07-05-2018,87,2,823,-18,7,COD
B-25957,2,18-01-2018,70,3,1157,-13,9,Credit Card
B-25704,1,29-06-2018,309,14,126,-63,3,UPI
B-25730,1,22-07-2018,71,5,1145,-706,3,Credit Card
B-26052,1,08-03-2018,114,14,774,170,3,COD
B-25656,1,11-05-2018,46,8,24,-1,2,COD
B-26033,1,22-02-2018,113,14,774,170,3,COD
B-25850,2,05-11-2018,95,8,93,-1,2,COD
B-25945,1,11-01-2018,119,1,765,-36,3,COD
B-26086,1,26-03-2018,76,4,762,101,6,COD
B-25752,1,14-08-2018,48,1,761,266,9,COD
B-26098,1,29-03-2018,148,13,96,-48,5,UPI
B-26067,1,16-03-2018,73,4,1137,-14,7,EMI
B-25730,2,22-07-2018,71,8,18,8,2,Debit Card
B-25986,1,31-01-2018,94,16,749,-307,7,COD
B-26067,2,16-03-2018,73,7,1120,199,6,EMI
B-25953,1,14-01-2018,68,4,744,119,6,COD
B-25952,1,13-01-2018,90,8,14,0,4,UPI
B-25903,1,10-12-2018,190,8,19,8,2,Debit Card
B-25650,1,06-05-2018,93,7,512,-225,5,COD
B-25970,1,22-01-2018,123,3,742,198,2,COD
B-26062,1,15-03-2018,258,12,44,-40,3,COD
B-25643,2,29-04-2018,82,3,1061,-36,8,EMI
B-25632,1,25-04-2018,381,13,19,-2,2,Debit Card
B-25821,1,16-10-2018,311,8,17,0,1,COD
B-25878,1,24-11-2018,124,3,741,267,5,COD
B-25752,2,14-08-2018,48,4,735,-235,6,COD
B-25750,1,14-08-2018,167,17,19,-1,1,Debit Card
B-25657,1,13-05-2018,73,1,1021,-48,4,EMI
B-25787,1,20-09-2018,164,7,556,-209,7,COD
B-25808,1,08-10-2018,255,13,63,-17,6,COD
B-25885,1,28-11-2018,126,2,734,248,2,COD
B-25778,2,11-09-2018,42,7,933,166,5,Credit Card
B-25759,1,23-08-2018,395,8,20,-9,6,Debit Card
B-25747,1,11-08-2018,101,3,877,395,2,Credit Card
B-25878,2,24-11-2018,124,2,719,303,6,COD
B-25603,1,03-04-2018,50,8,12,1,2,COD
B-25691,1,16-06-2018,130,7,714,56,4,COD
B-25607,1,06-04-2018,326,13,50,-15,4,COD
B-25708,1,01-07-2018,132,5,709,-100,5,COD
B-26021,1,17-02-2018,257,8,21,-12,3,Debit Card
B-25831,1,27-10-2018,133,7,693,254,6,COD
B-25850,3,05-11-2018,95,8,24,1,4,COD
B-25670,1,25-05-2018,141,8,24,1,2,UPI
B-25852,2,07-11-2018,103,8,24,1,2,COD
B-26029,1,20-02-2018,212,15,21,10,1,Debit Card
B-25959,1,18-01-2018,136,2,681,259,4,COD
B-25676,1,01-06-2018,64,11,674,-187,2,COD
B-26097,2,28-03-2018,138,1,671,-309,5,COD
B-25888,1,02-12-2018,143,1,646,-213,3,COD
B-25911,1,15-12-2018,379,9,40,15,1,COD
B-25662,1,17-05-2018,206,15,24,-2,2,COD
B-25950,2,13-01-2018,33,4,644,167,2,COD
B-25847,1,03-11-2018,145,4,643,225,2,COD
B-25796,1,24-09-2018,151,7,632,-316,6,COD
B-25693,2,18-06-2018,150,7,632,316,6,COD
B-25993,1,03-02-2018,2,4,610,208,3,COD
B-26052,2,08-03-2018,114,9,78,-28,6,UPI
B-25930,1,03-01-2018,157,3,595,119,4,COD
B-25785,1,15-09-2018,156,7,595,292,3,COD
B-26093,2,27-03-2018,8,3,852,51,5,Credit Card
B-26053,1,09-03-2018,82,3,594,89,3,COD
B-26019,1,15-02-2018,111,15,585,175,13,COD
B-26070,1,18-03-2018,158,16,582,262,5,COD
B-25870,1,20-11-2018,106,7,845,84,7,Credit Card
B-25855,1,08-11-2018,53,4,829,19,4,Credit Card
B-25602,2,01-04-2018,10,7,561,212,3,COD
B-25728,2,22-07-2018,83,5,771,-424,2,Credit Card
B-25803,1,05-10-2018,118,7,765,8,6,EMI
B-25996,1,04-02-2018,221,8,31,2,2,COD
B-26078,1,22-03-2018,163,1,557,-111,2,COD
B-25803,2,05-10-2018,118,4,757,371,2,Credit Card
B-25682,1,07-06-2018,165,5,545,-73,11,COD
B-25749,1,13-08-2018,84,3,1052,-82,3,UPI
B-25962,1,19-01-2018,166,3,544,-152,3,COD
B-25899,1,08-12-2018,105,13,22,9,2,Debit Card
B-25845,2,03-11-2018,120,4,757,371,2,Credit Card
B-25951,1,13-01-2018,122,3,742,198,2,Credit Card
B-25828,1,24-10-2018,168,7,537,107,3,COD
B-25803,3,05-10-2018,118,6,536,91,1,COD
B-25656,2,11-05-2018,46,8,6,3,1,COD
B-25681,3,04-06-2018,30,6,523,204,7,COD
B-25658,1,14-05-2018,266,15,27,9,2,UPI
B-25698,1,23-06-2018,173,2,516,392,8,COD
B-25832,1,28-10-2018,175,3,504,116,3,COD
B-25886,1,28-11-2018,177,5,502,84,4,COD
B-25897,1,06-12-2018,127,1,734,213,6,Credit Card
B-25873,1,23-11-2018,61,9,42,12,2,COD
B-25858,1,13-11-2018,11,10,29,11,4,COD
B-25867,1,17-11-2018,248,9,240,12,6,UPI
B-25633,1,26-04-2018,131,6,496,-79,2,COD
B-25609,1,09-04-2018,111,1,485,29,4,COD
B-25896,1,05-12-2018,234,10,31,-11,3,UPI
B-26000,1,06-02-2018,137,4,676,151,3,Credit Card
B-25959,2,18-01-2018,136,8,23,8,2,Debit Card
B-25940,1,06-01-2018,367,8,13,3,2,COD
B-26087,1,26-03-2018,179,12,180,0,8,COD
B-26055,2,10-03-2018,1,5,671,114,9,Credit Card
B-25980,1,27-01-2018,94,9,22,11,3,COD
B-25653,2,08-05-2018,52,4,668,-31,3,Credit Card
B-26052,3,08-03-2018,114,7,145,0,3,UPI
B-25877,1,24-11-2018,72,10,24,8,2,Debit Card
B-25608,2,08-04-2018,47,2,476,0,3,COD
B-25897,2,06-12-2018,127,8,24,11,5,Debit Card
B-25881,2,25-11-2018,15,8,37,3,3,COD
B-25905,1,11-12-2018,288,12,152,50,6,UPI
B-25818,1,14-10-2018,341,13,32,11,2,UPI
B-25835,1,29-10-2018,285,13,52,11,5,COD
B-26081,1,22-03-2018,47,8,24,11,3,Debit Card
B-25730,3,22-07-2018,71,2,473,42,4,COD
B-25837,1,29-10-2018,241,12,263,50,5,COD
B-25893,1,04-12-2018,135,9,61,11,3,COD
B-25689,1,14-06-2018,184,1,469,-459,3,COD
B-26028,1,20-02-2018,62,5,1272,547,2,COD
B-26081,2,22-03-2018,47,14,169,0,3,COD
B-25903,2,10-12-2018,190,13,25,11,3,Debit Card
B-25651,2,07-05-2018,87,7,457,-41,4,COD
B-25903,3,10-12-2018,190,14,455,77,8,COD
B-26086,2,26-03-2018,76,8,25,2,2,Debit Card
B-25654,1,10-05-2018,191,4,450,-90,3,COD
B-25720,1,15-07-2018,388,2,30,-35,1,COD
B-26057,1,10-03-2018,125,3,659,-37,2,Credit Card
B-25798,1,01-10-2018,9,4,448,148,2,COD
B-25961,1,18-01-2018,192,4,446,53,3,COD
B-25701,1,26-06-2018,340,2,98,-45,2,UPI
B-26055,3,10-03-2018,1,7,443,11,1,COD
B-25653,3,08-05-2018,52,5,427,-50,7,COD
B-25670,2,25-05-2018,141,3,656,-36,2,Credit Card
B-26056,1,10-03-2018,196,7,424,161,2,COD
B-26061,2,14-03-2018,87,15,27,8,2,Debit Card
B-25602,3,01-04-2018,10,5,424,-272,5,COD
B-26016,1,14-02-2018,195,8,202,4,4,COD
B-25873,2,23-11-2018,61,5,1275,357,2,UPI
B-25761,2,25-08-2018,16,5,418,70,7,COD
B-25819,1,15-10-2018,197,1,417,49,3,COD
B-25853,3,08-11-2018,19,12,199,48,4,UPI
B-25662,2,17-05-2018,206,16,385,-77,11,UPI
B-25993,2,03-02-2018,2,5,414,199,3,COD
B-25703,2,28-06-2018,249,7,97,-45,4,COD
B-25848,1,03-11-2018,142,1,648,50,6,Credit Card
B-25678,1,03-06-2018,222,17,27,-25,2,Debit Card
B-25925,1,29-12-2018,67,12,27,12,1,Debit Card
B-25977,1,27-01-2018,271,12,27,1,1,UPI
B-25797,2,30-09-2018,28,2,413,-314,9,COD
B-26067,3,16-03-2018,73,8,53,2,4,COD
B-25810,2,10-10-2018,74,8,29,8,5,UPI
B-25648,1,04-05-2018,254,15,30,13,1,UPI
B-25933,1,04-01-2018,199,7,412,412,6,COD
B-25942,1,08-01-2018,144,4,646,-23,2,Credit Card
B-25656,3,11-05-2018,46,12,30,-5,5,UPI
B-26067,4,16-03-2018,73,3,618,27,4,Credit Card
B-25673,1,28-05-2018,298,7,143,-124,5,UPI
B-25797,3,30-09-2018,28,8,31,1,2,UPI
B-26098,2,29-03-2018,148,7,409,86,3,COD
B-25656,4,11-05-2018,46,7,406,126,2,COD
B-25791,1,24-09-2018,159,7,565,66,7,Credit Card
B-26053,2,09-03-2018,82,12,85,2,6,COD
B-25983,1,30-01-2018,160,3,561,118,5,Credit Card
B-25743,1,07-08-2018,176,6,503,-56,2,COD
B-25867,2,17-11-2018,248,12,31,14,3,UPI
B-25973,1,24-01-2018,3,8,398,111,8,COD
B-25895,1,04-12-2018,204,3,388,93,2,COD
B-26003,2,08-02-2018,24,7,498,-116,4,UPI
B-25717,1,12-07-2018,43,7,561,212,3,Credit Card
B-26064,1,16-03-2018,316,8,61,3,4,COD
B-25630,1,24-04-2018,107,15,34,-22,4,COD
B-26050,1,06-03-2018,181,17,32,6,3,UPI
B-25786,2,19-09-2018,3,11,623,-192,3,UPI
B-26035,1,23-02-2018,148,5,520,151,3,Credit Card
B-25693,3,18-06-2018,150,7,32,-16,6,UPI
B-25703,3,28-06-2018,249,8,32,-5,5,UPI
B-25966,1,21-01-2018,174,1,510,234,6,EMI
B-26060,1,13-03-2018,93,7,382,68,3,COD
B-25898,2,07-12-2018,96,13,33,13,3,UPI
B-25686,2,11-06-2018,22,7,381,-13,2,COD
B-26051,2,07-03-2018,51,14,490,88,2,EMI
B-25854,1,08-11-2018,193,7,381,144,2,COD
B-26050,2,06-03-2018,181,5,487,143,4,EMI
B-25961,2,18-01-2018,192,3,366,84,3,COD
B-25701,2,26-06-2018,340,17,33,-29,3,UPI
B-25970,2,22-01-2018,123,5,365,107,3,COD
B-25933,2,04-01-2018,199,7,207,-100,2,UPI
B-26081,3,22-03-2018,47,3,359,-338,5,COD
B-25650,2,06-05-2018,93,5,351,-47,8,COD
B-25850,4,05-11-2018,95,7,485,199,4,EMI
B-25643,3,29-04-2018,82,17,37,-23,4,UPI
B-26100,2,31-03-2018,109,15,34,10,2,Debit Card
B-25964,1,20-01-2018,63,2,346,108,3,COD
B-25676,2,01-06-2018,64,1,342,-103,4,COD
B-25628,1,24-04-2018,307,16,35,-8,2,Debit Card
B-25891,1,04-12-2018,318,12,121,41,4,UPI
B-25903,4,10-12-2018,190,5,336,57,2,COD
B-25851,2,06-11-2018,218,3,336,71,3,COD
B-26089,1,26-03-2018,244,8,27,4,1,COD
B-25996,2,04-02-2018,221,5,333,50,2,COD
B-25881,3,25-11-2018,15,13,36,7,3,Debit Card
B-25621,1,20-04-2018,220,5,333,-15,3,COD
B-25727,1,22-07-2018,223,6,327,114,4,COD
B-25843,1,03-11-2018,243,8,18,6,3,UPI
B-26050,3,06-03-2018,181,15,325,32,7,COD
B-25741,1,03-08-2018,182,1,482,-6,7,EMI
B-25756,2,20-08-2018,128,5,465,-33,4,EMI
B-25787,2,20-09-2018,164,17,40,-12,3,COD
B-25603,2,03-04-2018,50,12,107,36,6,COD
B-25655,3,11-05-2018,201,2,312,-312,7,COD
B-26096,1,28-03-2018,113,5,451,25,3,EMI
B-25962,2,19-01-2018,166,1,312,62,1,COD
B-26007,1,09-02-2018,228,3,311,72,2,COD
B-26088,1,26-03-2018,286,8,11,5,2,UPI
B-25673,2,28-05-2018,298,15,37,-5,3,Debit Card
B-25664,1,20-05-2018,112,5,444,-200,4,EMI
B-25642,1,28-04-2018,114,17,434,26,11,Credit Card
B-25987,1,31-01-2018,231,12,299,0,6,COD
B-25903,5,10-12-2018,190,8,37,17,3,Debit Card
B-25770,1,02-09-2018,208,3,299,113,2,COD
B-25840,1,31-10-2018,232,3,298,74,2,COD
B-25846,1,03-11-2018,342,13,94,7,7,UPI
B-25745,1,09-08-2018,139,7,296,225,11,COD
B-26073,1,21-03-2018,41,8,37,17,3,Debit Card
B-26030,1,21-02-2018,8,4,291,93,2,COD
B-25678,2,03-06-2018,222,5,327,-39,1,COD
B-26035,2,23-02-2018,148,7,291,119,11,COD
B-25896,2,05-12-2018,234,9,287,-66,6,COD
B-25989,1,01-02-2018,216,14,42,15,1,UPI
B-26016,2,14-02-2018,195,1,429,61,3,Credit Card
B-26009,1,10-02-2018,235,4,285,128,2,COD
B-25915,1,19-12-2018,237,1,277,3,1,COD
B-25845,3,03-11-2018,120,5,274,-7,4,COD
B-25645,1,01-05-2018,240,5,273,-87,4,COD
B-25803,4,05-10-2018,118,1,269,91,1,COD
B-26030,2,21-02-2018,8,10,11,5,1,COD
B-25955,2,16-01-2018,7,7,39,2,2,Debit Card
B-26096,2,28-03-2018,113,6,264,-26,3,COD
B-25635,1,26-04-2018,207,8,40,16,3,Debit Card
B-26038,1,24-02-2018,307,15,41,19,2,Debit Card
B-25791,2,24-09-2018,159,7,253,-63,2,UPI
B-26014,1,13-02-2018,200,2,406,97,7,Credit Card
B-25751,1,14-08-2018,170,8,32,7,3,COD
B-25962,3,19-01-2018,166,4,260,68,2,COD
B-26025,1,19-02-2018,286,8,41,19,5,Debit Card
B-26048,2,04-03-2018,44,2,401,13,6,Credit Card
B-25635,2,26-04-2018,207,7,382,30,3,Credit Card
B-25981,1,28-01-2018,104,5,867,251,5,COD
B-25610,1,09-04-2018,78,7,43,0,3,Debit Card
B-25733,1,28-07-2018,376,12,43,-43,7,Debit Card
B-25977,2,27-01-2018,271,12,74,29,3,COD
B-25655,4,11-05-2018,201,8,44,-26,3,Debit Card
B-25612,1,12-04-2018,23,2,259,-55,2,COD
B-25608,3,08-04-2018,47,8,257,23,5,COD
B-25752,3,14-08-2018,48,12,76,27,5,COD
B-25700,1,25-06-2018,308,12,44,-32,3,Debit Card
B-25856,1,10-11-2018,134,7,257,3,2,COD
B-26026,1,19-02-2018,244,8,255,76,9,COD
B-25861,1,15-11-2018,253,8,44,14,3,Debit Card
B-25673,3,28-05-2018,298,17,45,-2,4,COD
B-25681,4,04-06-2018,30,7,44,-3,1,Debit Card
B-26051,3,07-03-2018,51,7,382,119,2,Credit Card
B-25951,2,13-01-2018,122,6,250,100,3,COD
B-25799,1,01-10-2018,260,2,45,-15,2,COD
B-26053,3,09-03-2018,82,3,246,61,2,COD
B-26030,3,21-02-2018,8,12,50,25,5,COD
B-26054,1,10-03-2018,162,8,246,98,5,COD
B-25696,2,21-06-2018,100,9,44,99,3,Debit Card
B-25660,1,16-05-2018,158,7,245,-78,3,COD
B-25858,2,13-11-2018,11,7,245,30,2,COD
B-26045,1,03-03-2018,207,12,376,0,7,Credit Card
B-25850,5,05-11-2018,95,15,45,1,3,Debit Card
B-25781,1,14-09-2018,116,12,45,-28,2,Debit Card
B-25918,1,22-12-2018,246,16,244,-122,5,COD
B-25971,1,22-01-2018,247,3,244,83,2,COD
B-25870,2,20-11-2018,106,9,10,4,1,UPI
B-25770,2,02-09-2018,208,3,375,180,3,Credit Card
B-25757,2,21-08-2018,5,10,46,14,5,Debit Card
B-25699,1,24-06-2018,338,12,49,-31,2,UPI
B-25776,1,09-09-2018,374,9,47,-20,2,Debit Card
B-25893,2,04-12-2018,135,12,355,-114,7,Credit Card
B-25985,1,31-01-2018,262,8,32,8,5,UPI
B-25681,5,04-06-2018,30,2,243,-14,2,COD
B-26063,1,15-03-2018,52,1,241,-77,4,COD
B-26032,1,22-02-2018,169,7,47,15,5,Debit Card
B-26001,2,07-02-2018,291,10,50,-10,6,Debit Card
B-26056,2,10-03-2018,196,8,15,6,2,COD
B-25850,6,05-11-2018,95,12,148,24,3,COD
B-25767,1,31-08-2018,230,1,299,-28,3,UPI
B-25693,4,18-06-2018,150,5,68,-30,1,UPI
B-25850,7,05-11-2018,95,13,52,18,5,Debit Card
B-25796,2,24-09-2018,151,2,239,-162,5,COD
B-26053,4,09-03-2018,82,10,27,6,3,COD
B-25650,3,06-05-2018,93,7,238,20,2,COD
B-25961,3,18-01-2018,192,17,48,16,3,COD
B-26023,1,19-02-2018,76,12,66,22,3,UPI
B-25809,1,09-10-2018,287,8,53,24,1,Debit Card
B-25621,2,20-04-2018,220,1,233,-10,5,COD
B-25854,2,08-11-2018,193,7,53,-2,3,Debit Card
B-26057,2,10-03-2018,125,15,54,8,4,Debit Card
B-25688,1,11-06-2018,213,7,352,-345,5,Credit Card
B-25885,2,28-11-2018,126,12,349,0,7,Credit Card
B-25753,1,17-08-2018,86,6,341,-85,6,Credit Card
B-25981,2,28-01-2018,104,7,54,12,3,Debit Card
B-26055,4,10-03-2018,1,17,57,7,2,UPI
B-25714,2,09-07-2018,215,17,340,20,7,Credit Card
B-26055,5,10-03-2018,1,12,227,48,5,COD
B-25989,2,01-02-2018,216,3,330,81,1,Credit Card
B-25710,2,05-07-2018,153,16,216,-38,6,UPI
B-25773,1,06-09-2018,194,2,224,-143,3,COD
B-25661,1,17-05-2018,250,2,55,-33,2,Debit Card
B-26021,2,17-02-2018,257,12,49,21,1,UPI
B-26057,3,10-03-2018,125,6,224,87,3,COD
B-25858,3,13-11-2018,11,3,223,27,2,COD
B-25857,1,10-11-2018,155,14,324,39,8,Credit Card
B-25656,5,11-05-2018,46,8,56,18,2,Debit Card
B-25999,1,05-02-2018,115,17,223,62,7,COD
B-25856,2,10-11-2018,134,10,10,2,2,COD
B-25926,1,30-12-2018,366,13,57,6,5,Debit Card
B-25728,3,22-07-2018,83,7,322,-113,4,Credit Card
B-26076,1,21-03-2018,50,7,219,4,2,COD
B-25913,1,17-12-2018,331,12,103,21,7,UPI
B-25703,4,28-06-2018,249,7,47,-27,4,COD
B-25858,4,13-11-2018,11,7,219,0,1,COD
B-25727,2,22-07-2018,223,13,57,-48,6,Debit Card
B-26020,1,16-02-2018,78,14,319,102,6,Credit Card
B-26003,3,08-02-2018,24,2,315,-8,3,Credit Card
B-25925,2,29-12-2018,67,1,314,-41,3,Credit Card
B-26087,2,26-03-2018,179,1,311,40,1,EMI
B-25810,3,10-10-2018,74,14,307,74,3,EMI
B-25858,5,13-11-2018,11,14,294,109,7,EMI
B-25861,2,15-11-2018,253,1,216,-83,3,COD
B-25661,2,17-05-2018,250,2,58,-42,2,Debit Card
B-25943,2,09-01-2018,39,12,48,20,4,UPI
B-25955,3,16-01-2018,7,15,54,14,3,UPI
B-26051,4,07-03-2018,51,12,216,50,4,COD
B-25999,2,05-02-2018,115,7,215,-30,2,COD
B-26083,1,24-03-2018,78,13,43,8,3,COD
B-25950,3,13-01-2018,33,7,136,-33,5,COD
B-25625,1,23-04-2018,148,13,59,-30,3,Debit Card
B-26055,6,10-03-2018,1,17,213,4,14,COD
B-26023,2,19-02-2018,76,12,59,21,2,Debit Card
B-26010,1,11-02-2018,172,15,55,3,3,COD
B-25955,4,16-01-2018,7,15,294,62,9,EMI
B-25900,2,09-12-2018,256,5,210,62,2,COD
B-26089,2,26-03-2018,244,9,59,24,6,Debit Card
B-25655,5,11-05-2018,201,7,396,-31,9,COD
B-25979,1,27-01-2018,161,3,284,45,2,EMI
B-26002,1,08-02-2018,239,7,276,52,5,EMI
B-25635,3,26-04-2018,207,10,23,2,2,UPI
B-26084,1,25-03-2018,257,1,209,-63,4,COD
B-25998,1,04-02-2018,372,16,50,-28,5,COD
B-25872,1,22-11-2018,365,17,57,27,2,COD
B-25795,1,24-09-2018,238,5,276,-21,2,EMI
B-25902,1,10-12-2018,26,3,268,6,2,UPI
B-25650,4,06-05-2018,93,6,269,111,3,EMI
B-25957,3,18-01-2018,70,7,209,2,1,COD
B-25793,1,24-09-2018,45,8,60,-12,4,Debit Card
B-25654,2,10-05-2018,191,1,269,-86,2,EMI
B-25750,2,14-08-2018,167,7,208,-25,2,COD
B-25835,2,29-10-2018,285,13,27,2,2,UPI
B-25652,1,08-05-2018,258,7,206,-206,3,COD
B-26018,1,14-02-2018,47,8,61,8,4,Debit Card
B-25750,3,14-08-2018,167,2,212,-24,2,COD
B-25840,2,31-10-2018,232,7,262,64,6,EMI
B-25756,3,20-08-2018,128,3,204,276,3,COD
B-25777,2,10-09-2018,79,15,59,-46,7,UPI
B-25750,4,14-08-2018,167,7,199,-18,2,COD
B-25823,1,18-10-2018,18,14,59,6,1,UPI
B-26096,3,28-03-2018,113,13,45,9,3,UPI
B-25757,3,21-08-2018,5,12,211,19,8,COD
B-25698,2,23-06-2018,173,5,65,-16,2,Debit Card
B-25710,3,05-07-2018,153,10,25,0,4,UPI
B-25994,1,03-02-2018,263,5,196,-7,5,COD
B-25950,4,13-01-2018,33,17,261,13,6,Credit Card
B-25653,4,08-05-2018,52,5,195,-117,5,COD
B-25785,2,15-09-2018,156,7,192,-146,3,COD
B-25863,1,15-11-2018,268,12,189,87,7,COD
B-25959,3,18-01-2018,136,9,32,2,2,UPI
B-25991,2,03-02-2018,269,17,188,13,7,COD
B-25680,1,04-06-2018,354,7,73,-25,3,COD
B-25910,2,14-12-2018,32,8,259,47,5,Credit Card
B-25737,1,01-08-2018,270,6,187,-15,3,COD
B-25853,4,08-11-2018,19,8,26,11,2,UPI
B-26097,3,28-03-2018,138,2,185,-26,6,COD
B-25875,1,24-11-2018,245,7,248,8,2,Credit Card
B-26031,1,22-02-2018,220,13,67,9,4,Debit Card
B-25773,2,06-09-2018,194,2,248,-70,3,Credit Card
B-25840,3,31-10-2018,232,3,246,61,2,Credit Card
B-25908,1,12-12-2018,272,9,179,-25,5,COD
B-26041,1,27-02-2018,275,16,176,-28,5,COD
B-26010,2,11-02-2018,172,16,176,-13,5,COD
B-25640,2,27-04-2018,181,6,68,-62,2,Debit Card
B-25794,1,24-09-2018,274,14,176,37,6,COD
B-25987,2,31-01-2018,231,8,88,11,7,UPI
B-25615,1,15-04-2018,286,8,68,20,5,Debit Card
B-25997,1,04-02-2018,14,1,231,99,2,Credit Card
B-25981,3,28-01-2018,104,15,62,8,2,UPI
B-25791,3,24-09-2018,159,7,175,77,3,COD
B-25986,2,31-01-2018,94,13,71,4,5,Debit Card
B-25652,2,08-05-2018,258,14,174,-70,3,COD
B-25952,2,13-01-2018,90,2,173,69,3,COD
B-25898,3,07-12-2018,96,1,171,2,2,COD
B-25785,3,15-09-2018,156,7,268,-25,3,COD
B-25990,1,02-02-2018,357,7,71,32,3,Debit Card
B-26091,1,27-03-2018,62,8,29,10,4,UPI
B-25604,1,03-04-2018,200,15,65,17,2,UPI
B-25754,2,18-08-2018,226,9,72,-46,7,Debit Card
B-25724,1,19-07-2018,171,3,168,-51,2,COD
B-25757,4,21-08-2018,5,12,165,30,3,COD
B-25767,2,31-08-2018,230,14,74,-59,2,Debit Card
B-25886,2,28-11-2018,177,12,89,17,2,UPI
B-25621,3,20-04-2018,220,1,228,63,3,Credit Card
B-25967,2,21-01-2018,6,16,119,-24,4,COD
B-25691,2,16-06-2018,130,12,75,-25,3,UPI
B-25953,2,14-01-2018,68,15,67,20,4,UPI
B-25651,3,07-05-2018,87,13,7,0,1,COD
B-25828,2,24-10-2018,168,7,222,35,5,Credit Card
B-25628,2,24-04-2018,307,7,219,-9,4,Credit Card
B-25703,5,28-06-2018,249,16,42,-23,2,UPI
B-25929,2,02-01-2018,56,2,216,-135,3,Credit Card
B-25748,1,12-08-2018,251,1,47,-21,2,COD
B-25610,2,09-04-2018,78,14,68,-55,5,UPI
B-25903,6,10-12-2018,190,17,74,33,2,Debit Card
B-25878,3,24-11-2018,124,16,165,46,3,COD
B-26056,3,10-03-2018,196,8,101,11,2,UPI
B-26004,1,08-02-2018,282,1,162,73,2,COD
B-25699,2,24-06-2018,338,16,20,-22,1,UPI
B-26053,5,09-03-2018,82,12,162,55,3,COD
B-25654,3,10-05-2018,191,7,229,-23,2,UPI
B-25954,1,14-01-2018,99,13,27,0,2,COD
B-25910,3,14-12-2018,32,6,685,7,7,UPI
B-26064,2,16-03-2018,316,13,75,2,5,Debit Card
B-25983,2,30-01-2018,160,16,161,-229,8,COD
B-26002,2,08-02-2018,239,15,71,19,3,COD
B-25650,5,06-05-2018,93,7,211,-105,2,Credit Card
B-26043,1,01-03-2018,131,8,79,5,6,Debit Card
B-25657,2,13-05-2018,73,7,32,-22,5,UPI
B-25838,1,29-10-2018,88,12,161,40,3,COD
B-25651,4,07-05-2018,87,7,159,4,1,COD
B-25808,2,08-10-2018,255,8,210,-50,4,Credit Card
B-25973,2,24-01-2018,3,17,79,39,2,Debit Card
B-25698,3,23-06-2018,173,7,207,153,3,Credit Card
B-25818,2,14-10-2018,341,9,36,0,4,COD
B-26061,3,14-03-2018,87,4,206,12,1,Credit Card
B-25878,4,24-11-2018,124,13,46,0,4,COD
B-26054,2,10-03-2018,162,12,156,23,3,COD
B-25809,2,09-10-2018,287,8,154,54,3,COD
B-26042,1,28-02-2018,381,12,36,15,3,UPI
B-26008,1,09-02-2018,259,8,206,51,4,Credit Card
B-25927,1,31-12-2018,261,1,200,7,4,Credit Card
B-26008,2,09-02-2018,259,7,199,-1,1,Credit Card
B-25753,2,17-08-2018,86,15,154,22,7,COD
B-25948,1,13-01-2018,289,16,152,23,3,COD
B-26094,1,27-03-2018,220,12,152,50,6,COD
B-25654,4,10-05-2018,191,16,122,-21,3,UPI
B-25854,3,08-11-2018,193,12,149,48,6,COD
B-25623,1,22-04-2018,113,7,149,-87,4,COD
B-25985,2,31-01-2018,262,9,197,20,4,Credit Card
B-25723,2,18-07-2018,352,1,76,-54,3,COD
B-25751,2,14-08-2018,170,1,221,-15,2,COD
B-26050,4,06-03-2018,181,7,79,32,3,Debit Card
B-25800,1,01-10-2018,314,8,45,12,7,UPI
B-25673,4,28-05-2018,298,7,149,-1,1,COD
B-26002,3,08-02-2018,239,12,80,22,3,Debit Card
B-26009,2,10-02-2018,235,17,195,12,9,Credit Card
B-25754,3,18-08-2018,226,10,19,0,3,UPI
B-25953,3,14-01-2018,68,12,81,41,3,Debit Card
B-26039,1,25-02-2018,37,17,83,34,5,Debit Card
B-26001,3,07-02-2018,291,16,149,17,4,COD
B-25620,1,20-04-2018,8,4,193,46,1,Credit Card
B-26051,5,07-03-2018,51,8,85,24,10,Debit Card
B-25673,5,28-05-2018,298,7,44,-17,5,UPI
B-25721,1,16-07-2018,267,5,149,-40,2,COD
B-25764,1,28-08-2018,117,9,26,0,2,COD
B-25645,2,01-05-2018,240,15,86,0,4,Debit Card
B-26066,1,16-03-2018,46,7,86,22,2,Debit Card
B-26003,4,08-02-2018,24,15,79,16,3,COD
B-25712,1,07-07-2018,264,5,193,-275,3,Credit Card
B-25796,3,24-09-2018,151,7,148,0,3,COD
B-25738,1,02-08-2018,80,16,70,-14,2,UPI
B-25771,1,02-09-2018,292,8,148,59,3,COD
B-25950,5,13-01-2018,33,16,190,19,9,Credit Card
B-26038,2,24-02-2018,307,12,52,14,2,COD
B-26004,2,08-02-2018,282,7,147,44,3,COD
B-25896,3,05-12-2018,234,15,190,68,8,Credit Card
B-25601,1,01-04-2018,60,1,80,-56,4,UPI
B-25952,3,13-01-2018,90,7,147,48,3,COD
B-25873,3,23-11-2018,61,12,66,12,3,COD
B-25844,1,03-11-2018,345,7,86,8,2,Debit Card
B-26054,3,10-03-2018,162,17,88,19,2,Debit Card
B-25953,4,14-01-2018,68,1,188,-193,2,Credit Card
B-25951,3,13-01-2018,122,12,89,29,2,UPI
B-26065,1,16-03-2018,201,12,146,19,5,COD
B-26033,2,22-02-2018,113,3,143,32,1,COD
B-25781,2,14-09-2018,116,9,25,-1,4,COD
B-26043,2,01-03-2018,131,10,30,12,3,UPI
B-25787,3,20-09-2018,164,16,140,-58,4,COD
B-25664,2,20-05-2018,112,3,83,-48,1,UPI
B-25825,1,21-10-2018,98,7,140,6,5,COD
B-25818,3,14-10-2018,341,8,28,14,4,COD
B-25765,1,29-08-2018,301,12,139,14,3,COD
B-25853,5,08-11-2018,19,8,30,14,3,UPI
B-26030,4,21-02-2018,8,17,89,36,3,UPI
B-25730,4,22-07-2018,71,14,187,30,4,Credit Card
B-26054,4,10-03-2018,162,14,139,21,3,COD
B-25773,3,06-09-2018,194,7,437,-14,2,UPI
B-25717,2,12-07-2018,43,7,138,-3,5,COD
B-26010,3,11-02-2018,172,17,85,13,2,UPI
B-25893,3,04-12-2018,135,12,83,12,3,UPI
B-26076,2,21-03-2018,50,12,91,22,2,UPI
B-25803,5,05-10-2018,118,17,137,5,5,COD
B-25709,1,01-07-2018,378,7,33,-12,7,UPI
B-25755,2,19-08-2018,25,2,134,-34,2,COD
B-25684,1,09-06-2018,304,2,134,42,2,COD
B-25739,1,03-08-2018,305,2,133,-56,2,COD
B-26081,4,22-03-2018,47,7,93,-84,3,UPI
B-25662,3,17-05-2018,206,1,86,-21,1,UPI
B-25845,4,03-11-2018,120,12,132,54,5,COD
B-26085,2,26-03-2018,23,7,132,-10,3,COD
B-25745,2,09-08-2018,139,16,132,-79,5,COD
B-25999,3,05-02-2018,115,12,93,-65,4,UPI
B-26082,1,23-03-2018,111,12,95,5,2,UPI
B-26097,4,28-03-2018,138,8,97,12,2,UPI
B-25731,1,26-07-2018,306,16,131,-154,8,COD
B-25625,2,23-04-2018,148,8,97,29,2,UPI
B-25853,6,08-11-2018,19,7,128,4,3,COD
B-25703,6,28-06-2018,249,17,186,241,9,Credit Card
B-26003,5,08-02-2018,24,8,128,47,4,COD
B-25803,6,05-10-2018,118,12,185,48,4,Credit Card
B-25719,1,12-07-2018,299,12,29,10,2,COD
B-25883,2,27-11-2018,295,16,127,29,3,COD
B-25891,2,04-12-2018,318,8,97,36,7,UPI
B-25821,2,16-10-2018,311,14,125,0,3,COD
B-25646,1,01-05-2018,196,7,299,-8,2,COD
B-25874,1,24-11-2018,312,15,124,54,5,COD
B-25717,3,12-07-2018,43,17,90,17,3,COD
B-26073,2,21-03-2018,41,8,122,11,4,COD
B-25800,2,01-10-2018,314,14,122,-66,9,COD
B-25991,3,03-02-2018,269,2,90,30,2,UPI
B-25638,1,26-04-2018,44,3,182,-11,3,Credit Card
B-26021,3,17-02-2018,257,16,122,59,7,COD
B-25882,1,26-11-2018,317,12,121,19,4,COD
B-26053,6,09-03-2018,82,2,120,1,1,COD
B-25951,4,13-01-2018,122,12,120,23,5,COD
B-25757,5,21-08-2018,5,15,34,-11,5,COD
B-25777,3,10-09-2018,79,9,117,17,6,COD
B-26040,1,26-02-2018,107,12,38,9,2,COD
B-25696,3,21-06-2018,100,5,117,-6,3,COD
B-25977,3,27-01-2018,271,15,180,54,4,Credit Card
B-25743,2,07-08-2018,176,7,99,-5,1,UPI
B-25651,5,07-05-2018,87,2,172,-103,3,EMI
B-25603,3,03-04-2018,50,12,116,16,4,COD
B-25696,4,21-06-2018,100,7,116,-4,1,COD
B-26037,1,23-02-2018,109,12,171,68,7,EMI
B-26098,3,29-03-2018,148,10,46,14,5,COD
B-25697,2,22-06-2018,58,6,115,-39,3,COD
B-25920,1,24-12-2018,337,15,100,7,2,UPI
B-25993,3,03-02-2018,2,12,44,8,2,COD
B-26089,3,26-03-2018,244,9,139,14,3,COD
B-25960,1,18-01-2018,277,3,171,-140,2,EMI
B-25917,1,21-12-2018,336,15,100,12,2,UPI
B-25825,2,21-10-2018,98,12,115,25,6,COD
B-25696,5,21-06-2018,100,7,168,-9,3,COD
B-25972,1,23-01-2018,323,14,115,47,2,COD
B-25602,4,01-04-2018,10,5,168,-111,2,EMI
B-25736,1,31-07-2018,387,10,31,-7,5,UPI
B-26003,6,08-02-2018,24,16,114,41,6,COD
B-25970,3,22-01-2018,123,12,111,9,4,COD
B-25742,1,03-08-2018,403,10,11,-8,2,UPI
B-25770,3,02-09-2018,208,16,110,35,1,COD
B-26098,4,29-03-2018,148,15,59,15,2,UPI
B-26050,5,06-03-2018,181,14,166,27,2,EMI
B-25778,3,11-09-2018,42,7,109,-6,6,COD
B-25652,3,08-05-2018,258,13,34,-6,4,COD
B-25999,4,05-02-2018,115,16,109,40,1,COD
B-25909,2,13-12-2018,31,14,108,22,3,COD
B-25823,2,18-10-2018,18,16,103,50,2,UPI
B-25701,3,26-06-2018,340,10,10,-8,2,COD
B-25855,2,08-11-2018,53,8,90,17,3,COD
B-25654,5,10-05-2018,191,12,105,46,2,UPI
B-25623,2,22-04-2018,113,12,105,20,2,Debit Card
B-25641,1,27-04-2018,51,16,22,-6,1,COD
B-25852,3,07-11-2018,103,9,105,-33,5,COD
B-25958,1,18-01-2018,210,8,105,25,2,EMI
B-25802,1,05-10-2018,149,7,25,-7,5,UPI
B-25823,3,18-10-2018,18,16,104,2,2,COD
B-25834,1,29-10-2018,399,12,16,5,1,UPI
B-25678,3,03-06-2018,222,7,64,-7,3,COD
B-25774,1,07-09-2018,380,16,38,-6,2,UPI
B-25904,1,10-12-2018,102,2,83,12,2,COD
B-25896,4,05-12-2018,234,8,103,36,2,COD
B-25796,4,24-09-2018,151,7,37,-6,1,UPI
B-25934,1,04-01-2018,330,7,105,33,6,EMI
B-25750,5,14-08-2018,167,16,78,-6,2,UPI
B-25761,3,25-08-2018,16,7,102,-90,1,COD
B-25912,1,16-12-2018,332,15,102,11,6,COD
B-25751,3,14-08-2018,170,9,10,-8,1,UPI
B-25656,6,11-05-2018,46,10,101,18,9,COD
B-25647,1,03-05-2018,125,7,42,-6,4,UPI
B-25861,3,15-11-2018,253,8,56,18,2,UPI
B-25802,2,05-10-2018,149,12,95,5,2,COD
B-25901,1,10-12-2018,283,16,159,2,3,EMI
B-25623,3,22-04-2018,113,12,158,69,3,EMI
B-25751,4,14-08-2018,170,5,106,0,2,EMI
B-26052,4,08-03-2018,114,15,101,16,4,COD
B-25886,3,28-11-2018,177,17,107,37,3,COD
B-25804,1,05-10-2018,225,15,156,36,5,EMI
B-25734,1,29-07-2018,328,1,108,-19,3,UPI
B-25610,3,09-04-2018,78,12,107,-54,4,EMI
B-25711,1,06-07-2018,334,8,100,-58,4,COD
B-25985,3,31-01-2018,262,17,108,26,4,UPI
B-25864,1,15-11-2018,335,12,100,6,4,COD
B-25648,2,04-05-2018,254,5,100,-23,1,COD
B-26086,3,26-03-2018,76,15,43,17,2,UPI
B-25835,3,29-10-2018,285,12,155,26,3,EMI
B-25949,1,13-01-2018,290,8,151,9,3,EMI
B-25930,2,03-01-2018,157,8,151,29,5,EMI
B-25655,6,11-05-2018,201,7,110,-68,4,EMI
B-25757,6,21-08-2018,5,16,98,9,2,COD
B-25655,7,11-05-2018,201,6,97,-62,2,COD
B-26033,3,22-02-2018,113,17,111,35,5,COD
B-26083,2,24-03-2018,78,14,45,17,1,COD
B-25805,1,05-10-2018,324,2,112,15,2,COD
B-25955,5,16-01-2018,7,12,110,20,5,Debit Card
B-25762,2,26-08-2018,54,7,98,-5,2,UPI
B-25919,1,23-12-2018,35,12,110,12,7,Debit Card
B-25853,7,08-11-2018,19,16,95,11,4,COD
B-25925,3,29-12-2018,67,2,1228,14,3,UPI
B-26023,3,19-02-2018,76,16,29,0,3,COD
B-26055,7,10-03-2018,1,15,94,27,2,COD
B-25653,5,08-05-2018,52,14,115,25,1,COD
B-25893,4,04-12-2018,135,7,149,15,3,EMI
B-26052,5,08-03-2018,114,9,148,23,4,EMI
B-25830,2,26-10-2018,21,14,93,15,2,COD
B-26040,2,26-02-2018,107,8,113,24,4,Debit Card
B-25981,4,28-01-2018,104,12,48,2,3,COD
B-25954,2,14-01-2018,99,1,148,9,1,UPI
B-25889,1,03-12-2018,320,15,114,11,4,Debit Card
B-25810,4,10-10-2018,74,12,92,42,2,COD
B-25637,1,26-04-2018,322,17,117,14,3,UPI
B-25801,2,01-10-2018,358,13,21,-10,4,COD
B-25783,1,15-09-2018,161,13,33,-10,6,UPI
B-25697,3,22-06-2018,58,14,114,8,3,Debit Card
B-26028,2,20-02-2018,62,14,115,0,1,Debit Card
B-25851,3,06-11-2018,218,15,90,29,5,COD
B-25938,1,05-01-2018,361,16,61,1,2,COD
B-25820,1,16-10-2018,319,2,119,1,1,COD
B-25850,8,05-11-2018,95,6,117,36,2,Debit Card
B-25924,1,28-12-2018,294,2,148,54,2,UPI
B-25609,2,09-04-2018,111,7,249,-5,4,COD
B-25898,4,07-12-2018,96,12,147,73,3,UPI
B-25814,1,10-10-2018,187,15,118,35,7,EMI
B-26087,3,26-03-2018,179,7,119,56,7,EMI
B-25901,2,10-12-2018,283,15,90,27,2,COD
B-26025,2,19-02-2018,286,12,32,1,2,COD
B-25631,1,24-04-2018,275,16,89,-89,2,COD
B-25954,3,14-01-2018,99,5,146,66,1,UPI
B-25956,1,17-01-2018,183,17,89,-37,4,COD
B-26096,4,28-03-2018,113,14,88,11,3,COD
B-25862,1,15-11-2018,20,12,121,41,4,EMI
B-26054,5,10-03-2018,162,7,88,20,2,COD
B-25698,4,23-06-2018,173,9,87,-83,5,COD
B-25606,1,06-04-2018,195,17,87,4,2,COD
B-25928,1,01-01-2018,315,14,122,15,3,EMI
B-26005,1,08-02-2018,344,12,87,10,3,COD
B-25963,1,19-01-2018,368,16,53,8,3,UPI
B-25952,4,13-01-2018,90,10,87,-32,9,COD
B-25683,1,08-06-2018,194,7,86,-55,6,COD
B-25914,1,18-12-2018,189,12,125,22,3,EMI
B-25828,3,24-10-2018,168,7,128,-3,3,Debit Card
B-25743,3,07-08-2018,176,7,143,-124,5,UPI
B-26085,3,26-03-2018,23,7,86,22,2,COD
B-25869,1,19-11-2018,346,7,86,9,3,COD
B-25773,4,06-09-2018,194,7,85,-9,4,COD
B-25700,2,25-06-2018,308,17,129,-75,5,Debit Card
B-25921,1,25-12-2018,278,14,84,-42,2,COD
B-25730,5,22-07-2018,71,2,83,-81,3,COD
B-26083,3,24-03-2018,78,14,143,6,2,UPI
B-25849,1,04-11-2018,217,5,336,123,3,UPI
B-25909,3,13-12-2018,31,5,323,122,5,UPI
B-26038,3,24-02-2018,307,17,130,61,3,Debit Card
B-25999,5,05-02-2018,115,7,152,-3,5,COD
B-25928,2,01-01-2018,315,16,25,10,1,UPI
B-25878,5,24-11-2018,124,12,140,15,5,UPI
B-25843,2,03-11-2018,243,12,45,0,2,UPI
B-25959,4,18-01-2018,136,17,132,49,3,COD
B-25630,2,24-04-2018,107,12,133,12,5,Debit Card
B-25858,6,13-11-2018,11,17,82,13,2,COD
B-26096,5,28-03-2018,113,17,140,56,4,UPI
B-25838,2,29-10-2018,88,8,81,19,7,COD
B-25943,3,09-01-2018,39,8,137,38,5,Debit Card
B-25780,1,13-09-2018,303,5,137,-41,3,Debit Card
B-25949,2,13-01-2018,290,6,140,57,2,Debit Card
B-25892,1,04-12-2018,302,17,139,30,3,UPI
B-26054,6,10-03-2018,162,12,138,11,5,UPI
B-25988,1,31-01-2018,349,10,79,-124,9,COD
B-25939,1,05-01-2018,185,14,136,41,3,UPI
B-26083,4,24-03-2018,78,15,145,16,3,Debit Card
B-26078,2,22-03-2018,163,15,44,20,2,UPI
B-25902,2,10-12-2018,26,7,79,6,7,COD
B-25676,3,01-06-2018,64,17,79,36,4,COD
B-26016,3,14-02-2018,195,1,134,-13,3,UPI
B-25950,6,13-01-2018,33,12,133,5,5,UPI
B-26056,4,10-03-2018,196,8,47,20,7,UPI
B-25645,3,01-05-2018,240,4,133,-42,1,UPI
B-25906,1,11-12-2018,350,12,78,27,3,COD
B-26017,1,14-02-2018,326,2,78,7,1,COD
B-25644,1,30-04-2018,162,16,76,-92,8,COD
B-25679,1,04-06-2018,351,7,76,-50,1,COD
B-25854,4,08-11-2018,193,8,76,19,3,COD
B-25670,3,25-05-2018,141,12,74,29,3,COD
B-25792,1,24-09-2018,353,12,74,-25,3,COD
B-25808,3,08-10-2018,255,1,146,-63,3,Debit Card
B-25750,6,14-08-2018,167,3,73,-31,1,COD
B-26051,6,07-03-2018,51,12,80,22,3,UPI
B-26076,3,21-03-2018,50,17,133,46,5,EMI
B-25946,1,12-01-2018,296,5,146,7,2,Debit Card
B-25648,3,04-05-2018,254,7,130,-41,4,EMI
B-25992,1,03-02-2018,300,17,141,41,3,UPI
B-25848,2,03-11-2018,142,16,147,21,3,Debit Card
B-25697,4,22-06-2018,58,5,73,-7,1,COD
B-25659,1,15-05-2018,293,15,148,72,7,Debit Card
B-25716,1,11-07-2018,362,7,58,0,4,UPI
B-25652,4,08-05-2018,258,13,21,-13,3,UPI
B-26093,3,27-03-2018,8,7,148,25,3,Debit Card
B-25725,1,20-07-2018,297,1,144,-7,4,COD
B-25661,3,17-05-2018,250,2,145,-104,5,UPI
B-25693,5,18-06-2018,150,5,72,-49,1,COD
B-25910,4,14-12-2018,32,17,125,15,5,EMI
B-25943,4,09-01-2018,39,7,149,15,3,Debit Card
B-26100,3,31-03-2018,109,17,72,16,2,COD
B-25830,3,26-10-2018,21,10,71,0,8,COD
B-25932,1,04-01-2018,356,16,71,-14,4,COD
B-25929,3,02-01-2018,56,2,154,-85,3,EMI
B-25708,2,01-07-2018,132,16,191,13,8,COD
B-25921,2,25-12-2018,278,15,170,19,5,UPI
B-25755,3,19-08-2018,25,12,47,-3,2,UPI
B-25640,3,27-04-2018,181,7,122,-47,4,EMI
B-25838,3,29-10-2018,88,8,70,26,5,COD
B-26025,3,19-02-2018,286,12,155,5,3,EMI
B-25789,1,22-09-2018,227,16,67,-86,9,COD
B-25697,5,22-06-2018,58,12,67,-42,3,COD
B-25797,4,30-09-2018,28,3,148,-101,2,UPI
B-26064,3,16-03-2018,316,15,122,38,6,Credit Card
B-25732,1,27-07-2018,398,12,16,-5,2,UPI
B-25654,6,10-05-2018,191,16,121,-17,3,Credit Card
B-25750,7,14-08-2018,167,10,42,-15,12,UPI
B-25751,5,14-08-2018,170,8,65,-4,6,COD
B-25889,2,03-12-2018,320,9,119,-43,7,Credit Card
B-25683,2,08-06-2018,194,16,155,56,3,EMI
B-25602,5,01-04-2018,10,7,119,-5,8,Credit Card
B-25871,1,21-11-2018,321,8,118,25,4,Credit Card
B-25953,5,14-01-2018,68,14,116,22,1,Credit Card
B-25950,7,13-01-2018,33,8,158,-29,10,EMI
B-26091,2,27-03-2018,62,12,158,69,3,EMI
B-25753,3,17-08-2018,86,14,65,-52,3,COD
B-25611,1,11-04-2018,257,7,160,-59,2,EMI
B-25935,2,04-01-2018,27,2,162,20,3,EMI
B-25886,4,28-11-2018,177,15,63,1,4,COD
B-25833,1,29-10-2018,359,8,64,27,5,UPI
B-25665,1,21-05-2018,281,14,166,-113,4,EMI
B-25694,1,18-06-2018,280,15,167,43,7,EMI
B-25668,1,24-05-2018,313,16,123,17,3,COD
B-25945,2,11-01-2018,119,17,63,14,2,COD
B-25954,4,14-01-2018,99,7,891,0,5,COD
B-25818,4,14-10-2018,341,8,75,28,9,UPI
B-25861,4,15-11-2018,253,8,62,6,5,COD
B-25721,2,16-07-2018,267,10,29,-18,7,UPI
B-26024,1,19-02-2018,179,12,168,18,6,Debit Card
B-26056,5,10-03-2018,196,12,70,24,3,UPI
B-26050,6,06-03-2018,181,7,169,55,4,Debit Card
B-25708,3,01-07-2018,132,12,32,-8,2,COD
B-25651,6,07-05-2018,87,12,44,-8,3,UPI
B-25616,2,15-04-2018,244,12,116,-56,5,Credit Card
B-25827,1,23-10-2018,171,2,156,21,3,COD
B-25996,3,04-02-2018,221,10,62,6,6,COD
B-25830,4,26-10-2018,21,7,54,1,2,UPI
B-25951,5,13-01-2018,122,8,111,11,9,Credit Card
B-25713,1,08-07-2018,284,2,158,-63,4,UPI
B-25678,4,03-06-2018,222,10,7,-3,2,UPI
B-25901,3,10-12-2018,283,8,61,28,2,UPI
B-25798,2,01-10-2018,9,8,61,-50,4,COD
B-25902,3,10-12-2018,26,14,154,26,4,COD
B-25851,4,06-11-2018,218,7,62,1,3,COD
B-25944,1,10-01-2018,279,7,169,38,3,Debit Card
B-25939,2,05-01-2018,185,14,61,18,2,COD
B-25656,7,11-05-2018,46,7,61,-23,2,COD
B-25695,1,18-06-2018,276,17,171,14,9,Debit Card
B-25781,3,14-09-2018,116,8,60,-49,8,COD
B-25783,2,15-09-2018,161,12,25,-11,1,UPI
B-25867,3,17-11-2018,248,17,163,26,4,COD
B-25993,4,03-02-2018,2,4,173,86,1,Debit Card
B-25755,4,19-08-2018,25,3,257,-3,2,UPI
B-25880,1,24-11-2018,329,12,108,37,2,Credit Card
B-25941,1,07-01-2018,273,17,177,41,4,Debit Card
B-25757,7,21-08-2018,5,8,106,15,7,Credit Card
B-25754,4,18-08-2018,226,13,41,-14,5,UPI
B-25653,6,08-05-2018,52,14,168,-10,3,UPI
B-25821,3,16-10-2018,311,12,60,21,4,COD
B-25706,1,01-07-2018,386,12,31,-11,4,COD
B-26064,4,16-03-2018,316,7,179,0,2,Debit Card
B-25803,7,05-10-2018,118,6,106,12,3,Credit Card
B-26076,4,21-03-2018,50,15,60,13,2,COD
B-25603,4,03-04-2018,50,6,180,5,3,Debit Card
B-25903,7,10-12-2018,190,16,60,-10,2,COD
B-25938,2,05-01-2018,361,12,59,25,3,COD
B-25868,2,18-11-2018,75,14,170,73,2,UPI
B-25956,2,17-01-2018,183,8,59,10,2,COD
B-25652,5,08-05-2018,258,10,24,-21,7,COD
B-25883,3,27-11-2018,295,13,105,-26,8,Credit Card
B-26096,6,28-03-2018,113,7,103,46,2,Credit Card
B-25969,1,21-01-2018,12,15,171,17,6,UPI
B-25951,6,13-01-2018,122,12,102,13,2,Credit Card
B-25855,3,08-11-2018,53,8,98,12,2,Credit Card
B-26091,3,27-03-2018,62,13,59,10,4,COD
B-25954,5,14-01-2018,99,16,189,60,4,Debit Card
B-25763,1,27-08-2018,364,2,58,-52,3,COD
B-25945,3,11-01-2018,119,7,60,3,3,UPI
B-25740,1,03-08-2018,363,7,58,-8,2,COD
B-25818,5,14-10-2018,341,16,94,20,2,UPI
B-25603,5,03-04-2018,50,7,193,-166,3,EMI
B-25964,2,20-01-2018,63,12,199,0,4,EMI
B-25930,3,03-01-2018,157,15,202,89,9,EMI
B-25930,4,03-01-2018,157,8,58,17,2,COD
B-25879,1,24-11-2018,45,9,57,-28,2,COD
B-25903,8,10-12-2018,190,8,204,-94,4,EMI
B-25614,1,13-04-2018,179,1,98,-12,2,Credit Card
B-25750,8,14-08-2018,167,12,22,-12,3,COD
B-25852,4,07-11-2018,103,12,97,17,2,Credit Card
B-26008,3,09-02-2018,259,13,57,24,5,COD
B-26092,1,27-03-2018,212,15,97,14,2,Credit Card
B-25689,2,14-06-2018,184,12,97,17,2,Credit Card
B-25730,6,22-07-2018,71,12,96,22,5,Credit Card
B-25885,3,28-11-2018,126,17,94,27,2,Credit Card
B-25999,6,05-02-2018,115,12,26,-17,1,COD
B-26011,1,12-02-2018,60,12,93,44,2,Credit Card
B-25754,5,18-08-2018,226,12,93,-65,4,Credit Card
B-26030,5,21-02-2018,8,8,92,5,6,Credit Card
B-25851,5,06-11-2018,218,15,57,27,2,COD
B-25870,3,20-11-2018,106,16,57,7,3,COD
B-26074,1,21-03-2018,60,13,57,21,4,COD
B-25861,5,15-11-2018,253,7,128,4,3,COD
B-25797,5,30-09-2018,28,7,89,-4,5,Credit Card
B-25993,5,03-02-2018,2,16,221,26,7,COD
B-25799,2,01-10-2018,260,7,205,-119,3,Debit Card
B-25721,3,16-07-2018,267,17,191,51,5,UPI
B-26056,6,10-03-2018,196,8,206,18,4,Debit Card
B-25743,4,07-08-2018,176,8,56,0,4,COD
B-25854,5,08-11-2018,193,12,88,16,4,Credit Card
B-25748,2,12-08-2018,251,5,224,58,3,UPI
B-25976,1,25-01-2018,265,15,193,8,4,UPI
B-25953,6,14-01-2018,68,12,87,36,5,Credit Card
B-25996,4,04-02-2018,221,7,189,4,1,UPI
B-25717,4,12-07-2018,43,2,55,-33,2,COD
B-25865,1,15-11-2018,347,7,85,-1,3,Credit Card
B-25959,5,18-01-2018,136,5,252,56,2,UPI
B-25855,4,08-11-2018,53,3,197,73,1,COD
B-25703,7,28-06-2018,249,12,17,-3,2,UPI
B-26049,1,05-03-2018,29,8,100,28,2,UPI
B-25755,5,19-08-2018,25,12,80,-19,5,UPI
B-26070,2,18-03-2018,158,6,75,29,1,UPI
B-25755,6,19-08-2018,25,7,26,4,2,UPI
B-26047,1,04-03-2018,322,10,55,12,5,COD
B-25604,2,03-04-2018,200,7,157,5,9,UPI
B-25651,7,07-05-2018,87,3,200,-60,4,UPI
B-25983,3,30-01-2018,160,7,230,5,2,UPI
B-26056,7,10-03-2018,196,3,213,-145,3,Debit Card
B-25940,2,06-01-2018,367,12,55,4,2,COD
B-25766,1,30-08-2018,252,7,220,-19,2,Debit Card
B-25935,3,04-01-2018,27,8,150,32,3,COD
B-25970,4,22-01-2018,123,4,203,84,2,UPI
B-26053,7,09-03-2018,82,14,93,31,3,UPI
B-25947,1,13-01-2018,233,8,290,35,6,COD
B-25856,3,10-11-2018,134,7,48,6,1,COD
B-26030,6,21-02-2018,8,14,221,35,4,Debit Card
B-26069,1,17-03-2018,293,9,55,18,2,COD
B-25653,7,08-05-2018,52,14,227,102,8,Debit Card
B-25627,1,23-04-2018,109,12,55,-39,4,COD
B-25947,2,13-01-2018,233,14,207,33,2,UPI
B-25801,3,01-10-2018,358,7,64,6,4,COD
B-25964,3,20-01-2018,63,7,89,6,5,COD
B-25950,8,13-01-2018,33,12,54,27,2,COD
B-25878,6,24-11-2018,124,15,84,41,3,Credit Card
B-25773,5,06-09-2018,194,1,209,-21,2,UPI
B-26081,5,22-03-2018,47,12,79,33,4,UPI
B-26027,1,20-02-2018,229,15,54,8,4,COD
B-25967,3,21-01-2018,6,7,229,59,9,Debit Card
B-25901,4,10-12-2018,283,8,158,38,3,UPI
B-25951,7,13-01-2018,122,5,248,105,2,Debit Card
B-25853,8,08-11-2018,19,7,199,6,2,UPI
B-25923,2,27-12-2018,4,6,253,-11,1,Debit Card
B-25793,2,24-09-2018,45,7,257,-252,4,Debit Card
B-26068,1,16-03-2018,266,14,193,33,5,COD
B-26080,1,22-03-2018,326,15,109,35,6,COD
B-25843,3,03-11-2018,243,14,214,30,3,COD
B-26002,4,08-02-2018,239,7,141,7,7,COD
B-25993,6,03-02-2018,2,16,201,32,4,UPI
B-26070,3,18-03-2018,158,17,54,12,4,COD
B-25887,2,01-12-2018,17,17,83,6,6,EMI
B-25654,7,10-05-2018,191,7,54,-3,3,COD
B-25898,5,07-12-2018,96,15,53,5,3,COD
B-25664,3,20-05-2018,112,5,258,-27,2,Debit Card
B-26012,1,13-02-2018,384,7,199,8,2,COD
B-25979,2,27-01-2018,161,9,82,-27,3,EMI
B-26054,7,10-03-2018,162,12,139,36,3,COD
B-25757,8,21-08-2018,5,12,53,15,2,COD
B-25623,4,22-04-2018,113,12,53,1,4,COD
B-25824,1,20-10-2018,333,16,101,38,2,COD
B-25754,6,18-08-2018,226,4,262,215,2,Debit Card
B-25693,6,18-06-2018,150,15,82,-39,5,EMI
B-25638,2,26-04-2018,44,8,154,39,3,COD
B-25922,1,26-12-2018,369,12,52,18,2,COD
B-25919,2,23-12-2018,35,1,1599,37,6,UPI
B-25989,3,01-02-2018,216,8,338,41,7,UPI
B-25999,7,05-02-2018,115,1,51,-49,2,COD
B-25661,4,17-05-2018,250,2,224,-81,3,COD
B-26099,1,30-03-2018,13,8,207,37,4,COD
B-25866,1,16-11-2018,370,12,51,14,2,COD
B-26098,5,29-03-2018,148,14,82,8,3,EMI
B-26062,2,15-03-2018,258,12,50,-17,2,COD
B-25761,4,25-08-2018,16,1,263,-31,9,Debit Card
B-25843,4,03-11-2018,243,10,50,7,6,COD
B-25683,3,08-06-2018,194,5,245,-3,4,UPI
B-25959,6,18-01-2018,136,8,82,24,6,EMI
B-25787,4,20-09-2018,164,14,229,-41,8,COD
B-25951,8,13-01-2018,122,1,50,14,1,COD
B-26056,8,10-03-2018,196,14,220,40,2,COD
B-25643,4,29-04-2018,82,1,263,-63,2,Debit Card
B-26093,4,27-03-2018,8,13,81,-41,5,EMI
B-25775,1,08-09-2018,371,12,50,-17,2,COD
B-26093,5,27-03-2018,8,8,49,5,4,COD
B-25851,6,06-11-2018,218,15,237,47,9,UPI
B-25685,1,10-06-2018,171,16,264,-30,3,Debit Card
B-25651,8,07-05-2018,87,17,49,3,1,COD
B-25793,3,24-09-2018,45,9,63,-24,6,COD
B-25708,4,01-07-2018,132,12,81,-51,7,EMI
B-25847,2,03-11-2018,145,16,264,71,10,Debit Card
B-25954,6,14-01-2018,99,17,48,11,2,COD
B-25997,2,04-02-2018,14,8,48,15,1,COD
B-25650,6,06-05-2018,93,4,245,-78,2,UPI
B-25883,4,27-11-2018,295,8,146,42,5,UPI
B-25945,4,11-01-2018,119,3,245,10,2,COD
B-25981,5,28-01-2018,104,3,245,91,2,UPI
B-25862,2,15-11-2018,20,12,80,3,3,EMI
B-25877,2,24-11-2018,72,2,269,33,5,Debit Card
B-26090,1,27-03-2018,229,12,80,22,3,EMI
B-26050,7,06-03-2018,181,8,284,44,6,COD
B-26072,1,20-03-2018,206,1,313,44,3,COD
B-25916,1,20-12-2018,348,10,80,-26,9,EMI
B-25722,1,17-07-2018,373,12,48,-8,8,COD
B-25746,1,10-08-2018,343,7,87,16,2,UPI
B-25753,4,17-08-2018,86,16,47,-114,5,COD
B-25956,3,17-01-2018,183,5,140,28,2,COD
B-25996,5,04-02-2018,221,12,47,1,2,COD
B-25896,5,05-12-2018,234,16,79,-2,2,EMI
B-25796,5,24-09-2018,151,12,78,-64,7,EMI
B-25798,3,01-10-2018,9,12,47,-3,2,COD
B-26043,3,01-03-2018,131,12,185,48,4,UPI
B-26028,3,20-02-2018,62,17,77,36,2,EMI
B-25812,1,10-10-2018,242,8,259,47,5,UPI
B-25605,1,05-04-2018,163,7,75,0,7,EMI
B-25702,1,27-06-2018,89,17,75,0,3,EMI
B-25940,3,06-01-2018,367,13,46,0,4,COD
B-26087,4,26-03-2018,179,8,46,13,3,COD
B-25955,6,16-01-2018,7,5,200,13,5,COD
B-25626,1,23-04-2018,13,5,46,-14,1,COD
B-25811,1,10-10-2018,310,8,126,52,4,UPI
B-25856,4,10-11-2018,134,12,74,29,3,EMI
B-25628,3,24-04-2018,307,10,45,13,4,COD
B-26016,4,14-02-2018,195,17,74,9,3,UPI
B-25999,8,05-02-2018,115,5,129,11,2,UPI
B-26043,4,01-03-2018,131,12,122,50,7,UPI
B-25743,5,07-08-2018,176,12,74,-51,3,UPI
B-26014,2,13-02-2018,200,2,278,39,5,Debit Card
B-25876,1,24-11-2018,236,6,282,14,4,Debit Card
B-25785,4,15-09-2018,156,15,45,0,2,COD
B-25810,5,10-10-2018,74,17,45,6,3,COD
B-25833,2,29-10-2018,359,12,45,16,3,COD
B-25931,1,04-01-2018,355,2,73,-36,3,UPI
B-25852,5,07-11-2018,103,8,45,12,4,COD
B-25738,2,02-08-2018,80,7,72,-6,3,UPI
B-25921,3,25-12-2018,278,14,71,-44,5,UPI
B-25685,2,10-06-2018,171,17,45,-2,4,COD
B-25996,6,04-02-2018,221,17,286,140,6,Debit Card
B-25663,1,19-05-2018,41,4,294,138,2,Debit Card
B-25888,2,02-12-2018,143,5,223,4,3,COD
B-25677,1,02-06-2018,394,14,20,-2,1,UPI
B-26045,2,03-03-2018,207,16,302,75,6,Debit Card
B-26002,5,08-02-2018,239,7,113,28,2,UPI
B-25953,7,14-01-2018,68,8,44,2,3,COD
B-25617,1,17-04-2018,229,1,305,-270,5,Debit Card
B-25702,2,27-06-2018,89,7,306,-147,3,Debit Card
B-25799,3,01-10-2018,260,12,70,-64,5,UPI
B-25985,4,31-01-2018,262,12,44,11,4,COD
B-25952,5,13-01-2018,90,8,44,14,3,COD
B-25754,7,18-08-2018,226,7,319,312,5,Debit Card
B-25770,4,02-09-2018,208,2,287,-280,12,UPI
B-25954,7,14-01-2018,99,12,44,10,3,COD
B-25657,3,13-05-2018,73,2,288,-180,4,COD
B-25801,4,01-10-2018,358,12,49,-31,2,COD
B-26000,2,06-02-2018,137,10,43,-10,4,COD
B-25897,3,06-12-2018,127,12,43,5,3,COD
B-25681,6,04-06-2018,30,14,68,-27,3,UPI
B-25852,6,07-11-2018,103,4,320,144,1,Debit Card
B-26067,5,16-03-2018,73,15,67,2,4,UPI
B-25601,2,01-04-2018,60,12,66,-12,5,UPI
B-25804,2,05-10-2018,225,4,321,26,3,Debit Card
B-25751,6,14-08-2018,170,7,43,-5,2,COD
B-25630,3,24-04-2018,107,9,114,-39,5,COD
B-25899,2,08-12-2018,105,7,43,17,1,COD
B-25751,7,14-08-2018,170,17,43,21,3,COD
B-26081,6,22-03-2018,47,7,637,50,5,COD
B-25851,7,06-11-2018,218,4,300,42,2,COD
B-26036,1,23-02-2018,13,16,341,44,7,UPI
B-25704,2,29-06-2018,309,5,102,0,3,COD
B-25761,5,25-08-2018,16,1,328,-15,3,Debit Card
B-25978,1,27-01-2018,81,12,341,160,7,Debit Card
B-26077,1,22-03-2018,200,8,62,11,7,UPI
B-25981,6,28-01-2018,104,13,42,13,3,COD
B-26043,5,01-03-2018,131,8,62,28,5,UPI
B-25896,6,05-12-2018,234,9,42,7,2,COD
B-25790,1,23-09-2018,377,1,42,-3,1,COD
B-25789,2,22-09-2018,227,3,313,-13,5,UPI
B-26061,4,14-03-2018,87,12,109,52,2,UPI
B-25923,3,27-12-2018,4,14,226,58,3,COD
B-25868,3,18-11-2018,75,5,62,-1,1,UPI
B-25777,4,10-09-2018,79,14,61,-25,4,UPI
B-25999,9,05-02-2018,115,8,222,74,5,COD
B-25854,6,08-11-2018,193,16,342,-154,7,Debit Card
B-25667,2,23-05-2018,85,7,344,-34,3,Debit Card
B-25829,1,25-10-2018,214,8,345,38,7,Debit Card
B-25705,1,30-06-2018,375,1,46,0,2,COD
B-25843,5,03-11-2018,243,8,255,74,5,COD
B-25958,2,18-01-2018,210,7,360,32,3,UPI
B-25893,5,04-12-2018,135,4,372,59,3,UPI
B-25855,5,08-11-2018,53,8,61,30,2,UPI
B-25616,3,15-04-2018,244,8,42,12,5,COD
B-25630,4,24-04-2018,107,9,42,-26,2,COD
B-25936,1,05-01-2018,360,7,61,25,4,UPI
B-25830,5,26-10-2018,21,8,41,11,6,COD
B-25930,5,03-01-2018,157,15,40,13,3,COD
B-25808,4,08-10-2018,255,12,59,21,2,UPI
B-25979,3,27-01-2018,161,17,57,27,2,UPI
B-25687,2,11-06-2018,205,12,17,6,1,UPI
B-26087,5,26-03-2018,179,12,40,10,2,COD
B-25764,2,28-08-2018,117,7,349,-24,2,Debit Card
B-25782,1,15-09-2018,219,2,335,-22,7,UPI
B-25854,7,08-11-2018,193,8,40,16,3,COD
B-26085,4,26-03-2018,23,12,40,17,2,COD
B-25630,5,24-04-2018,107,12,40,-7,3,COD
B-25999,10,05-02-2018,115,12,352,74,8,Debit Card
B-25648,4,04-05-2018,254,7,55,-26,4,UPI
B-25952,6,13-01-2018,90,6,352,18,5,Debit Card
B-25710,4,05-07-2018,153,15,53,-18,4,UPI
B-25685,3,10-06-2018,171,16,51,7,2,UPI
B-25740,2,03-08-2018,363,12,40,-37,3,COD
B-25973,3,24-01-2018,3,13,39,14,5,COD
B-25769,1,02-09-2018,211,7,355,-4,2,Debit Card
B-25687,3,11-06-2018,205,7,357,139,2,Debit Card
B-25603,6,03-04-2018,50,9,38,18,1,COD
B-26050,8,06-03-2018,181,12,38,9,2,COD
B-25748,3,12-08-2018,251,17,141,10,4,UPI
B-25833,3,29-10-2018,359,8,36,4,9,COD
B-25930,6,03-01-2018,157,1,351,-94,5,COD
B-26035,3,23-02-2018,148,1,369,15,3,Debit Card
B-25851,8,06-11-2018,218,8,53,24,6,EMI
B-25718,1,12-07-2018,188,3,371,115,1,Debit Card
B-25898,6,07-12-2018,96,7,499,33,4,COD
B-25893,6,04-12-2018,135,17,223,62,7,COD
B-25983,4,30-01-2018,160,15,50,-4,6,EMI
B-26056,9,10-03-2018,196,5,391,90,6,Debit Card
B-25715,1,10-07-2018,198,5,416,137,3,Debit Card
B-25702,3,27-06-2018,89,2,424,-17,9,Debit Card
B-25618,2,18-04-2018,62,3,362,127,1,COD
B-25643,5,29-04-2018,82,1,36,-7,1,COD
B-25961,4,18-01-2018,192,10,34,-10,3,COD
B-25873,4,23-11-2018,61,1,367,73,3,UPI
B-26053,8,09-03-2018,82,7,425,208,7,Debit Card
B-25683,4,08-06-2018,194,4,433,26,3,Debit Card
B-25718,2,12-07-2018,188,3,460,31,3,Debit Card
B-25753,5,17-08-2018,86,9,62,-56,5,COD
B-25852,7,07-11-2018,103,12,50,16,1,EMI
B-25914,2,18-12-2018,189,2,460,-143,3,Debit Card
B-26083,5,24-03-2018,78,7,34,3,3,COD
B-25857,2,10-11-2018,155,16,227,59,2,UPI
B-25939,3,05-01-2018,185,1,469,33,4,Debit Card
B-25851,9,06-11-2018,218,7,103,46,2,UPI
B-25699,3,24-06-2018,338,13,34,-13,5,COD
B-26078,3,22-03-2018,163,12,137,63,3,COD
B-26075,1,21-03-2018,384,12,34,12,2,COD
B-25956,4,17-01-2018,183,5,474,56,4,Debit Card
B-25861,6,15-11-2018,253,12,50,3,2,EMI
B-25777,5,10-09-2018,79,9,69,-67,4,UPI
B-25634,1,26-04-2018,203,2,389,-83,3,UPI
B-25753,6,17-08-2018,86,12,77,-43,8,COD
B-25687,4,11-06-2018,205,15,51,21,3,COD
B-25885,4,28-11-2018,126,3,394,146,2,UPI
B-25767,3,31-08-2018,230,7,48,-22,2,EMI
B-25961,5,18-01-2018,192,13,34,-12,5,COD
B-25923,4,27-12-2018,4,4,484,28,3,Debit Card
B-25799,4,01-10-2018,260,7,47,-27,4,EMI
B-25955,7,16-01-2018,7,10,45,8,4,EMI
B-26015,1,14-02-2018,163,7,128,55,1,COD
B-26051,7,07-03-2018,51,3,669,74,5,COD
B-25822,1,18-10-2018,383,7,34,13,2,COD
B-25989,4,01-02-2018,216,8,44,14,3,Credit Card
B-25910,5,14-12-2018,32,17,33,1,2,COD
B-25956,5,17-01-2018,183,8,33,10,3,COD
B-25986,3,31-01-2018,94,4,487,-23,3,Debit Card
B-26098,6,29-03-2018,148,2,497,179,3,Debit Card
B-26061,5,14-03-2018,87,14,508,203,2,Debit Card
B-25954,8,14-01-2018,99,1,524,-25,2,Debit Card
B-26034,1,23-02-2018,138,14,425,183,5,UPI
B-25909,4,13-12-2018,31,7,168,56,3,COD
B-25692,1,17-06-2018,299,16,141,28,7,UPI
B-25959,7,18-01-2018,136,2,429,17,3,UPI
B-25745,3,09-08-2018,139,12,44,-8,3,Credit Card
B-25689,3,14-06-2018,184,12,149,136,3,UPI
B-25786,3,19-09-2018,3,12,44,-34,3,Credit Card
B-25897,4,06-12-2018,127,8,33,10,3,COD
B-26056,10,10-03-2018,196,8,33,9,2,COD
B-25855,6,08-11-2018,53,1,442,31,2,UPI
B-25667,3,23-05-2018,85,10,41,6,5,Credit Card
B-25701,4,26-06-2018,340,8,33,-12,5,COD
B-26046,1,04-03-2018,146,8,32,3,8,COD
B-25676,4,01-06-2018,64,17,32,6,3,COD
B-26045,3,03-03-2018,207,7,179,77,1,UPI
B-25889,3,03-12-2018,320,9,31,10,1,COD
B-25900,3,09-12-2018,256,15,140,68,5,COD
B-25685,4,10-06-2018,171,5,529,137,3,Debit Card
B-25622,1,22-04-2018,169,7,534,0,3,Debit Card
B-25709,2,01-07-2018,378,2,41,-6,1,Credit Card
B-25798,4,01-10-2018,9,7,379,63,2,COD
B-25933,3,04-01-2018,199,12,81,-44,3,COD
B-25793,4,24-09-2018,45,8,40,-33,5,Credit Card
B-25951,9,13-01-2018,122,14,40,18,1,Credit Card
B-25656,8,11-05-2018,46,7,534,0,3,Debit Card
B-26056,11,10-03-2018,196,8,31,9,2,COD
B-25870,4,20-11-2018,106,8,473,-113,9,UPI
B-25690,1,15-06-2018,385,10,31,-10,3,COD
B-25702,4,27-06-2018,89,7,31,-3,4,COD
B-25752,4,14-08-2018,48,15,91,15,6,UPI
B-25781,4,14-09-2018,116,15,30,-25,2,COD
B-26038,4,24-02-2018,307,15,30,6,1,COD
B-25761,6,25-08-2018,16,7,40,0,3,Credit Card
B-25751,8,14-08-2018,170,1,534,5,2,Debit Card
B-25750,9,14-08-2018,167,16,539,-146,7,Debit Card
B-25726,1,21-07-2018,180,3,490,-128,8,UPI
B-26048,3,04-03-2018,44,14,163,81,2,COD
B-26051,8,07-03-2018,51,15,184,85,6,UPI
B-25614,2,13-04-2018,179,3,494,54,4,COD
B-25907,1,11-12-2018,389,8,30,11,5,COD
B-25789,3,22-09-2018,227,9,30,0,1,COD
B-26097,5,28-03-2018,138,13,39,-18,2,Credit Card
B-25902,4,10-12-2018,26,6,1700,85,3,COD
B-25657,4,13-05-2018,73,5,332,-43,6,UPI
B-25854,8,08-11-2018,193,8,436,131,9,UPI
B-25610,4,09-04-2018,78,16,30,-5,2,COD
B-25733,2,28-07-2018,376,12,30,-10,2,COD
B-25798,5,01-10-2018,9,12,38,-13,3,Credit Card
B-25803,8,05-10-2018,118,2,511,194,3,UPI
B-25755,7,19-08-2018,25,7,37,-53,3,Credit Card
B-25850,9,05-11-2018,95,14,513,215,2,COD
B-25667,4,23-05-2018,85,3,516,69,4,UPI
B-25796,6,24-09-2018,151,6,559,-19,2,Debit Card
B-26013,1,13-02-2018,50,10,29,-10,3,COD
B-25683,5,08-06-2018,194,12,148,52,5,UPI
B-26054,8,10-03-2018,162,1,559,-174,2,Debit Card
B-26010,4,11-02-2018,172,1,527,26,3,COD
B-25979,4,27-01-2018,161,7,560,44,3,Debit Card
B-25973,4,24-01-2018,3,12,571,108,12,Debit Card
B-25975,1,25-01-2018,178,10,29,2,3,COD
B-26010,5,11-02-2018,172,12,29,3,2,COD
B-25767,4,31-08-2018,230,7,29,-3,3,COD
B-25815,1,10-10-2018,382,12,35,14,2,Credit Card
B-25853,9,08-11-2018,19,4,579,139,3,Debit Card
B-25756,4,20-08-2018,128,13,29,-24,4,COD
B-25755,8,19-08-2018,25,3,593,213,4,Debit Card
B-25996,7,04-02-2018,221,16,217,72,2,COD
B-25619,1,18-04-2018,212,7,353,90,8,COD
B-26050,9,06-03-2018,181,4,382,92,2,COD
B-26000,3,06-02-2018,137,2,597,93,4,Debit Card
B-26058,1,11-03-2018,254,8,212,97,7,COD
B-25856,5,10-11-2018,134,7,689,90,5,COD
B-26044,1,02-03-2018,203,10,28,-10,3,COD
B-25654,8,10-05-2018,191,8,34,12,3,Credit Card
B-26051,9,07-03-2018,51,1,600,-102,5,Debit Card
B-25636,1,26-04-2018,146,7,637,113,5,UPI
B-25710,5,05-07-2018,153,16,616,-69,7,Debit Card
B-25656,9,11-05-2018,46,1,624,37,2,Debit Card
B-25919,3,23-12-2018,35,15,28,4,1,COD
B-25781,5,14-09-2018,116,4,584,-444,7,UPI
B-25899,3,08-12-2018,105,10,28,6,4,COD
B-26093,6,27-03-2018,8,7,33,-1,1,Credit Card
B-25753,7,17-08-2018,86,8,27,-20,2,COD
B-25858,7,13-11-2018,11,10,27,5,2,COD
B-25762,3,26-08-2018,54,10,27,4,3,COD
B-25625,3,23-04-2018,148,7,635,-349,5,Debit Card
B-25857,3,10-11-2018,155,3,598,166,4,UPI
B-25919,4,23-12-2018,35,4,636,-204,2,Debit Card
B-25864,2,15-11-2018,335,8,27,9,2,COD
B-25698,5,23-06-2018,173,8,27,-6,4,COD
B-25959,8,18-01-2018,136,5,637,212,8,Debit Card
B-26073,3,21-03-2018,41,12,290,110,9,UPI
B-25649,1,05-05-2018,390,12,27,-25,2,COD
B-25806,1,06-10-2018,152,11,632,-114,4,UPI
B-25756,5,20-08-2018,128,4,643,-45,2,Debit Card
B-26003,7,08-02-2018,24,16,652,13,6,Debit Card
B-25752,5,14-08-2018,48,2,33,-27,1,Credit Card
B-25783,3,15-09-2018,161,8,26,2,2,COD
B-25802,3,05-10-2018,149,14,633,-633,11,UPI
B-25881,4,25-11-2018,15,13,26,9,2,COD
B-25898,7,07-12-2018,96,17,191,93,4,UPI
B-25696,6,21-06-2018,100,4,887,80,3,UPI
B-25826,1,22-10-2018,147,4,637,261,2,COD
B-25745,4,09-08-2018,139,3,670,15,5,Debit Card
B-25943,5,09-01-2018,39,8,26,7,4,COD
B-26051,10,07-03-2018,51,3,676,195,5,Debit Card
B-25624,1,22-04-2018,138,8,26,12,3,COD
B-25723,3,18-07-2018,352,12,26,-24,1,COD
B-26052,6,08-03-2018,114,12,25,7,2,COD
B-25603,7,03-04-2018,50,2,24,-30,1,COD
B-25983,5,30-01-2018,160,2,32,-12,1,Credit Card
B-25650,7,06-05-2018,93,7,31,-2,2,Credit Card
B-25656,10,11-05-2018,46,4,651,169,5,COD
B-26018,2,14-02-2018,47,16,326,107,3,UPI
B-25783,4,15-09-2018,161,8,30,-6,2,UPI
B-25951,10,13-01-2018,122,9,30,5,2,UPI
B-25974,1,25-01-2018,140,3,662,240,2,COD
B-25754,8,18-08-2018,226,7,30,-23,2,UPI
B-26073,4,21-03-2018,41,7,29,9,3,UPI
B-25796,7,24-09-2018,151,14,28,1,1,UPI
B-25653,8,08-05-2018,52,7,28,-3,2,UPI
B-25884,1,28-11-2018,392,8,24,2,4,COD
B-25650,8,06-05-2018,93,12,28,-26,2,UPI
B-26045,4,03-03-2018,207,12,27,5,1,UPI
B-25672,1,28-05-2018,391,12,27,-15,1,UPI
B-25949,3,13-01-2018,290,8,24,11,3,COD
B-25733,3,28-07-2018,376,8,23,-6,4,COD
B-25697,6,22-06-2018,58,4,322,193,5,COD
B-25893,7,04-12-2018,135,14,688,-103,6,Debit Card
B-25802,4,05-10-2018,149,17,23,-3,1,COD
B-25961,6,18-01-2018,192,10,26,3,3,UPI
B-25751,9,14-08-2018,170,5,68,-56,2,COD
B-25814,2,10-10-2018,187,7,462,169,4,COD
B-25702,5,27-06-2018,89,11,941,203,3,UPI
B-25896,7,05-12-2018,234,10,23,4,2,COD
B-25969,2,21-01-2018,12,4,720,43,2,UPI
B-25778,4,11-09-2018,42,1,724,-447,4,UPI
B-25859,1,14-11-2018,129,3,724,253,2,UPI
B-25810,6,10-10-2018,74,8,26,10,4,UPI
B-25616,4,15-04-2018,244,8,22,-2,3,COD
B-25633,2,26-04-2018,131,7,711,-8,4,Debit Card
B-25753,8,17-08-2018,86,15,107,31,5,COD
B-25764,3,28-08-2018,117,5,765,-153,2,Debit Card
B-25864,3,15-11-2018,335,13,22,8,2,COD
B-25725,2,20-07-2018,297,12,26,-5,2,UPI
B-25858,8,13-11-2018,11,8,22,8,3,COD
B-25817,1,13-10-2018,121,4,743,89,5,UPI
B-25703,8,28-06-2018,249,9,22,-15,4,COD
B-25610,5,09-04-2018,78,4,781,594,6,Debit Card
B-25652,6,08-05-2018,258,8,25,-2,5,UPI
B-25891,3,04-12-2018,318,8,25,2,2,UPI
B-25764,4,28-08-2018,117,15,119,43,5,COD
B-25664,4,20-05-2018,112,5,785,52,2,Debit Card
B-25645,4,01-05-2018,240,5,183,-66,5,UPI
B-26008,4,09-02-2018,259,12,22,4,1,COD
B-26061,6,14-03-2018,87,7,642,180,5,COD
B-25781,6,14-09-2018,116,6,767,-353,5,COD
B-25999,11,05-02-2018,115,14,770,323,3,COD
B-25783,5,15-09-2018,161,17,21,-17,3,COD
B-25800,3,01-10-2018,314,13,21,-6,3,COD
B-26093,7,27-03-2018,8,14,492,187,2,UPI
B-25638,3,26-04-2018,44,4,816,-96,3,Debit Card
B-26026,2,19-02-2018,244,9,25,2,3,Credit Card
B-25902,5,10-12-2018,26,14,802,120,7,COD
B-25968,1,21-01-2018,110,14,811,154,7,UPI
B-26099,2,30-03-2018,13,5,835,267,5,Debit Card
B-25699,4,24-06-2018,338,14,21,-5,1,COD
B-26076,5,21-03-2018,50,3,450,-190,4,COD
B-25793,5,24-09-2018,45,10,24,-1,4,Credit Card
B-25671,1,27-05-2018,108,6,832,0,3,UPI
B-26040,3,26-02-2018,107,6,833,93,3,UPI
B-26059,1,12-03-2018,390,15,20,6,1,COD
B-25725,3,20-07-2018,297,8,23,-5,7,Credit Card
B-25855,7,08-11-2018,53,16,550,-242,5,UPI
B-25738,3,02-08-2018,80,5,148,-91,2,COD
B-25899,4,08-12-2018,105,2,846,9,2,Debit Card
B-25608,4,08-04-2018,47,4,856,385,6,COD
B-25904,2,10-12-2018,102,3,871,131,2,UPI
B-26056,12,10-03-2018,196,9,19,-18,4,COD
B-25669,1,25-05-2018,154,11,610,-66,2,COD
B-25638,4,26-04-2018,44,16,880,97,8,Debit Card
B-25953,8,14-01-2018,68,8,22,-8,4,Credit Card
B-25841,1,01-11-2018,393,10,22,11,2,Credit Card
B-26071,1,19-03-2018,250,8,21,4,3,Credit Card
B-25793,6,24-09-2018,45,8,18,1,3,COD
B-25813,1,10-10-2018,97,2,911,202,7,COD
B-26010,6,11-02-2018,172,8,18,2,3,COD
B-25825,3,21-10-2018,98,5,911,355,5,Debit Card
B-25630,6,24-04-2018,107,5,143,-129,2,COD
B-25986,4,31-01-2018,94,1,918,22,9,COD
B-25650,9,06-05-2018,93,1,925,-447,5,COD
B-26078,4,22-03-2018,163,10,17,8,2,COD
B-25890,1,04-12-2018,186,7,465,207,9,COD
B-25691,3,16-06-2018,130,12,17,-9,3,COD
B-25952,7,13-01-2018,90,1,935,114,4,UPI
B-25651,9,07-05-2018,87,15,16,-10,2,COD
B-25955,8,16-01-2018,7,4,954,95,3,UPI
B-25898,8,07-12-2018,96,11,915,-99,3,Debit Card
B-25838,4,29-10-2018,88,4,955,305,3,Debit Card
B-25797,6,30-09-2018,28,14,976,293,4,COD
B-25738,4,02-08-2018,80,7,1069,0,6,EMI
B-25661,5,17-05-2018,250,8,19,-15,3,Credit Card
B-25997,3,04-02-2018,14,8,16,6,3,COD
B-25667,5,23-05-2018,85,4,1030,206,8,UPI
B-25753,9,17-08-2018,86,14,620,82,6,COD
B-25848,3,03-11-2018,142,8,16,8,2,COD
B-26097,6,28-03-2018,138,8,19,8,2,Credit Card
B-25633,3,26-04-2018,131,5,249,-130,4,UPI
B-25807,1,07-10-2018,327,12,16,6,1,COD
B-25752,6,14-08-2018,48,3,1361,197,9,COD
B-26052,7,08-03-2018,114,17,15,1,1,COD
B-25610,6,09-04-2018,78,4,1076,-38,4,COD
B-25888,3,02-12-2018,143,8,18,2,3,Credit Card
B-25937,1,05-01-2018,77,3,1101,352,3,UPI
B-25828,4,24-10-2018,168,13,15,2,1,COD
B-26048,4,04-03-2018,44,6,1104,209,4,UPI
B-25670,4,25-05-2018,141,8,14,2,1,COD
B-25757,9,21-08-2018,5,8,14,5,1,COD
B-25751,10,14-08-2018,170,13,14,-3,2,COD
B-25687,5,11-06-2018,205,9,14,-1,4,COD
B-25710,6,05-07-2018,153,15,13,-8,1,COD
B-25656,11,11-05-2018,46,8,13,-1,3,COD
B-25601,3,01-04-2018,60,3,1275,1148,7,EMI
B-26053,9,09-03-2018,82,10,17,1,2,Credit Card
B-26001,4,07-02-2018,291,8,13,0,2,COD
B-25964,4,20-01-2018,63,1,1270,546,11,EMI
B-26062,3,15-03-2018,258,12,13,-2,1,COD
B-25982,1,29-01-2018,401,13,13,3,1,COD
B-25864,4,15-11-2018,335,8,17,5,1,UPI
B-25693,7,18-06-2018,150,10,13,-13,2,COD
B-25802,5,05-10-2018,149,10,13,-9,2,COD
B-25676,5,01-06-2018,64,6,1263,-56,5,EMI
B-25639,1,27-04-2018,29,5,1629,-153,3,COD
B-25757,10,21-08-2018,5,8,17,7,3,UPI
B-26003,8,08-02-2018,24,10,17,2,2,UPI
B-26055,8,10-03-2018,1,4,1250,-12,2,EMI
B-25786,4,19-09-2018,3,10,17,-11,3,UPI
B-25919,5,23-12-2018,35,5,977,-244,7,COD
B-25894,1,04-12-2018,66,3,1246,62,3,EMI
B-25979,5,27-01-2018,161,8,12,1,2,COD
B-25651,10,07-05-2018,87,10,11,-4,2,COD
B-25653,9,08-05-2018,52,2,1327,318,8,EMI
B-25855,8,08-11-2018,53,4,1319,567,5,COD
B-25793,7,24-09-2018,45,7,1402,109,11,EMI
B-26073,5,21-03-2018,41,4,1514,742,4,EMI
B-25881,5,25-11-2018,15,1,1351,111,6,COD
B-25603,8,03-04-2018,50,6,1355,-60,5,COD
B-25851,10,06-11-2018,218,8,10,2,2,COD
B-25883,5,27-11-2018,295,13,10,-2,2,COD
B-25768,1,01-09-2018,36,6,1582,-443,6,EMI
B-25953,9,14-01-2018,68,3,1218,352,9,EMI
B-25755,9,19-08-2018,25,7,321,315,5,UPI
B-26057,4,10-03-2018,125,4,736,346,5,COD
B-26055,9,10-03-2018,1,3,1218,-420,8,COD
B-25855,9,08-11-2018,53,7,1027,441,8,COD
B-25989,5,01-02-2018,216,12,10,5,1,COD
B-26099,3,30-03-2018,13,6,2366,552,5,UPI
B-25652,7,08-05-2018,258,8,9,-6,2,COD
B-25723,4,18-07-2018,352,12,16,-12,2,UPI
B-26099,4,30-03-2018,13,10,9,3,1,COD
B-25629,1,24-04-2018,37,6,1560,421,3,COD
B-25877,3,24-11-2018,72,6,1137,568,2,EMI
B-25767,5,31-08-2018,230,9,9,-9,2,COD
B-25735,3,30-07-2018,339,8,15,-7,1,UPI
B-26097,7,28-03-2018,138,8,14,5,1,UPI
B-26070,4,18-03-2018,158,8,14,7,2,UPI
B-25752,7,14-08-2018,48,8,8,-2,2,COD
B-25656,12,11-05-2018,46,7,1389,680,7,COD
B-25748,4,12-08-2018,251,13,8,-1,2,COD
B-25758,1,22-08-2018,405,12,8,-2,1,COD
B-25950,9,13-01-2018,33,13,13,4,1,UPI
B-25707,1,01-07-2018,404,12,8,-6,1,COD
B-25909,5,13-12-2018,31,10,12,2,2,Credit Card
B-25955,9,16-01-2018,7,14,1716,309,7,COD
B-26023,4,19-02-2018,76,3,1117,447,10,EMI
B-25655,8,11-05-2018,201,10,9,-6,2,Credit Card
B-25686,3,11-06-2018,22,4,332,503,3,COD
B-25655,9,11-05-2018,201,8,7,-4,3,COD
B-25601,4,01-04-2018,60,8,8,-2,3,Credit Card
B-25862,3,15-11-2018,20,3,2061,701,5,UPI
B-25626,2,23-04-2018,13,2,1103,276,3,EMI
B-25823,4,18-10-2018,18,1,2103,322,8,UPI
B-25881,6,25-11-2018,15,2,2115,23,5,COD
B-25910,6,14-12-2018,32,1,850,-289,5,COD
B-25830,6,26-10-2018,21,5,1063,64,7,EMI
B-25978,2,27-01-2018,81,1,1063,-175,4,EMI
B-25997,4,04-02-2018,14,3,2292,127,7,COD
B-25661,6,17-05-2018,250,8,7,-1,2,Credit Card
B-25969,3,21-01-2018,12,3,2452,191,7,UPI
B-25858,9,13-11-2018,11,1,2457,665,11,EMI
B-25697,7,22-06-2018,58,10,4,-3,1,Credit Card
B-25798,6,01-10-2018,9,3,2830,-1981,13,EMI
B-25873,5,23-11-2018,61,8,7,1,1,COD
B-25740,3,03-08-2018,363,10,7,0,2,COD
B-25700,3,25-06-2018,308,8,7,-3,2,COD
B-25757,11,21-08-2018,5,6,3151,-35,7,EMI
B-25973,5,24-01-2018,3,4,4141,1698,13,COD
B-25698,6,23-06-2018,173,8,7,-2,1,COD
B-25993,7,03-02-2018,2,11,4363,305,5,EMI