OrdersKey,CustomerKey,ProductKey,DateKey,OrderID,OrderDate,Amount,Profit,Quantity,PaymentMode
1,1,1,20180310,B-26055,10-03-2018,5729,64,14,EMI
2,1,2,20180310,B-26055,10-03-2018,671,114,9,Credit Card
3,1,3,20180310,B-26055,10-03-2018,443,11,1,COD
4,1,4,20180310,B-26055,10-03-2018,57,7,2,UPI
5,1,5,20180310,B-26055,10-03-2018,227,48,5,COD
6,1,4,20180310,B-26055,10-03-2018,213,4,14,COD
7,1,6,20180310,B-26055,10-03-2018,94,27,2,COD
8,1,7,20180310,B-26055,10-03-2018,1250,-12,2,EMI
9,1,8,20180310,B-26055,10-03-2018,1218,-420,8,COD
10,2,7,20180203,B-25993,03-02-2018,610,208,3,COD
11,2,2,20180203,B-25993,03-02-2018,414,199,3,COD
12,2,5,20180203,B-25993,03-02-2018,44,8,2,COD
13,2,7,20180203,B-25993,03-02-2018,173,86,1,Debit Card
14,2,9,20180203,B-25993,03-02-2018,221,26,7,COD
15,2,9,20180203,B-25993,03-02-2018,201,32,4,UPI
16,2,10,20180203,B-25993,03-02-2018,4363,305,5,EMI
17,3,11,20180124,B-25973,24-01-2018,398,111,8,COD
18,3,4,20180124,B-25973,24-01-2018,79,39,2,Debit Card
19,3,12,20180124,B-25973,24-01-2018,39,14,5,COD
20,3,5,20180124,B-25973,24-01-2018,571,108,12,Debit Card
21,3,7,20180124,B-25973,24-01-2018,4141,1698,13,COD
22,4,2,20181227,B-25923,27-12-2018,3873,-891,6,Credit Card
23,4,13,20181227,B-25923,27-12-2018,253,-11,1,Debit Card
24,4,14,20181227,B-25923,27-12-2018,226,58,3,COD
25,4,7,20181227,B-25923,27-12-2018,484,28,3,Debit Card
26,5,15,20180821,B-25757,21-08-2018,17,-13,4,Debit Card
27,5,15,20180821,B-25757,21-08-2018,46,14,5,Debit Card
28,5,5,20180821,B-25757,21-08-2018,211,19,8,COD
29,5,5,20180821,B-25757,21-08-2018,165,30,3,COD
30,5,6,20180821,B-25757,21-08-2018,34,-11,5,COD
31,5,9,20180821,B-25757,21-08-2018,98,9,2,COD
32,5,11,20180821,B-25757,21-08-2018,106,15,7,Credit Card
33,5,5,20180821,B-25757,21-08-2018,53,15,2,COD
34,5,11,20180821,B-25757,21-08-2018,14,5,1,COD
35,5,11,20180821,B-25757,21-08-2018,17,7,3,UPI
36,5,13,20180821,B-25757,21-08-2018,3151,-35,7,EMI
37,6,15,20180121,B-25967,21-01-2018,17,2,2,Debit Card
38,6,9,20180121,B-25967,21-01-2018,119,-24,4,COD
39,6,3,20180121,B-25967,21-01-2018,229,59,9,Debit Card
40,7,8,20180116,B-25955,16-01-2018,2927,146,8,EMI
41,7,3,20180116,B-25955,16-01-2018,39,2,2,Debit Card
42,7,6,20180116,B-25955,16-01-2018,54,14,3,UPI
43,7,6,20180116,B-25955,16-01-2018,294,62,9,EMI
44,7,5,20180116,B-25955,16-01-2018,110,20,5,Debit Card
45,7,2,20180116,B-25955,16-01-2018,200,13,5,COD
46,7,15,20180116,B-25955,16-01-2018,45,8,4,EMI
47,7,7,20180116,B-25955,16-01-2018,954,95,3,UPI
48,7,14,20180116,B-25955,16-01-2018,1716,309,7,COD
49,8,7,20180327,B-26093,27-03-2018,2847,712,8,Credit Card
50,8,8,20180327,B-26093,27-03-2018,852,51,5,Credit Card
51,8,3,20180327,B-26093,27-03-2018,148,25,3,Debit Card
52,8,12,20180327,B-26093,27-03-2018,81,-41,5,EMI
53,8,11,20180327,B-26093,27-03-2018,49,5,4,COD
54,8,3,20180327,B-26093,27-03-2018,33,-1,1,Credit Card
55,8,14,20180327,B-26093,27-03-2018,492,187,2,UPI
56,9,7,20181001,B-25798,01-10-2018,448,148,2,COD
57,9,11,20181001,B-25798,01-10-2018,61,-50,4,COD
58,9,5,20181001,B-25798,01-10-2018,47,-3,2,COD
59,9,3,20181001,B-25798,01-10-2018,379,63,2,COD
60,9,5,20181001,B-25798,01-10-2018,38,-13,3,Credit Card
61,9,8,20181001,B-25798,01-10-2018,2830,-1981,13,EMI
62,10,2,20180401,B-25602,01-04-2018,2617,1151,4,Credit Card
63,10,3,20180401,B-25602,01-04-2018,561,212,3,COD
64,10,2,20180401,B-25602,01-04-2018,424,-272,5,COD
65,10,2,20180401,B-25602,01-04-2018,168,-111,2,EMI
66,10,3,20180401,B-25602,01-04-2018,119,-5,8,Credit Card
67,11,15,20181113,B-25858,13-11-2018,29,11,4,COD
68,11,3,20181113,B-25858,13-11-2018,245,30,2,COD
69,11,8,20181113,B-25858,13-11-2018,223,27,2,COD
70,11,3,20181113,B-25858,13-11-2018,219,0,1,COD
71,11,14,20181113,B-25858,13-11-2018,294,109,7,EMI
72,11,4,20181113,B-25858,13-11-2018,82,13,2,COD
73,11,15,20181113,B-25858,13-11-2018,27,5,2,COD
74,11,11,20181113,B-25858,13-11-2018,22,8,3,COD
75,11,16,20181113,B-25858,13-11-2018,2457,665,11,EMI
76,12,6,20180121,B-25969,21-01-2018,171,17,6,UPI
77,12,7,20180121,B-25969,21-01-2018,720,43,2,UPI
78,12,8,20180121,B-25969,21-01-2018,2452,191,7,UPI
79,13,11,20180330,B-26099,30-03-2018,207,37,4,COD
80,13,2,20180330,B-26099,30-03-2018,835,267,5,Debit Card
81,13,13,20180330,B-26099,30-03-2018,2366,552,5,UPI
82,13,15,20180330,B-26099,30-03-2018,9,3,1,COD
83,14,16,20180204,B-25997,04-02-2018,231,99,2,Credit Card
84,14,11,20180204,B-25997,04-02-2018,48,15,1,COD
85,14,11,20180204,B-25997,04-02-2018,16,6,3,COD
86,14,8,20180204,B-25997,04-02-2018,2292,127,7,COD
87,15,13,20181125,B-25881,25-11-2018,2244,247,4,Credit Card
88,15,11,20181125,B-25881,25-11-2018,37,3,3,COD
89,15,12,20181125,B-25881,25-11-2018,36,7,3,Debit Card
90,15,12,20181125,B-25881,25-11-2018,26,9,2,COD
91,15,16,20181125,B-25881,25-11-2018,1351,111,6,COD
92,15,1,20181125,B-25881,25-11-2018,2115,23,5,COD
93,16,8,20180825,B-25761,25-08-2018,2188,1050,5,Credit Card
94,16,2,20180825,B-25761,25-08-2018,418,70,7,COD
95,16,3,20180825,B-25761,25-08-2018,102,-90,1,COD
96,16,16,20180825,B-25761,25-08-2018,263,-31,9,Debit Card
97,16,16,20180825,B-25761,25-08-2018,328,-15,3,Debit Card
98,16,3,20180825,B-25761,25-08-2018,40,0,3,Credit Card
99,17,7,20181201,B-25887,01-12-2018,2125,-234,6,EMI
100,17,4,20181201,B-25887,01-12-2018,83,6,6,EMI
101,18,14,20181018,B-25823,18-10-2018,59,6,1,UPI
102,18,9,20181018,B-25823,18-10-2018,103,50,2,UPI
103,18,9,20181018,B-25823,18-10-2018,104,2,2,COD
104,18,16,20181018,B-25823,18-10-2018,2103,322,8,UPI
105,19,1,20181108,B-25853,08-11-2018,2093,721,5,Credit Card
106,19,15,20181108,B-25853,08-11-2018,39,16,6,UPI
107,19,5,20181108,B-25853,08-11-2018,199,48,4,UPI
108,19,11,20181108,B-25853,08-11-2018,26,11,2,UPI
109,19,11,20181108,B-25853,08-11-2018,30,14,3,UPI
110,19,3,20181108,B-25853,08-11-2018,128,4,3,COD
111,19,9,20181108,B-25853,08-11-2018,95,11,4,COD
112,19,3,20181108,B-25853,08-11-2018,199,6,2,UPI
113,19,7,20181108,B-25853,08-11-2018,579,139,3,Debit Card
114,20,5,20181115,B-25862,15-11-2018,121,41,4,EMI
115,20,5,20181115,B-25862,15-11-2018,80,3,3,EMI
116,20,8,20181115,B-25862,15-11-2018,2061,701,5,UPI
117,21,2,20181026,B-25830,26-10-2018,1954,782,3,Credit Card
118,21,14,20181026,B-25830,26-10-2018,93,15,2,COD
119,21,15,20181026,B-25830,26-10-2018,71,0,8,COD
120,21,3,20181026,B-25830,26-10-2018,54,1,2,UPI
121,21,11,20181026,B-25830,26-10-2018,41,11,6,COD
122,21,2,20181026,B-25830,26-10-2018,1063,64,7,EMI
123,3,8,20180919,B-25786,19-09-2018,1854,433,5,Credit Card
124,3,10,20180919,B-25786,19-09-2018,623,-192,3,UPI
125,3,5,20180919,B-25786,19-09-2018,44,-34,3,Credit Card
126,3,15,20180919,B-25786,19-09-2018,17,-11,3,UPI
127,22,10,20180611,B-25686,11-06-2018,1829,-56,6,Credit Card
128,22,3,20180611,B-25686,11-06-2018,381,-13,2,COD
129,22,7,20180611,B-25686,11-06-2018,332,503,3,COD
130,23,2,20180218,B-26022,18-02-2018,1824,1303,8,Credit Card
131,24,10,20180208,B-26003,08-02-2018,1745,122,2,Credit Card
132,24,3,20180208,B-26003,08-02-2018,498,-116,4,UPI
133,24,1,20180208,B-26003,08-02-2018,315,-8,3,Credit Card
134,24,6,20180208,B-26003,08-02-2018,79,16,3,COD
135,24,11,20180208,B-26003,08-02-2018,128,47,4,COD
136,24,9,20180208,B-26003,08-02-2018,114,41,6,COD
137,24,9,20180208,B-26003,08-02-2018,652,13,6,Debit Card
138,24,15,20180208,B-26003,08-02-2018,17,2,2,UPI
139,25,13,20180819,B-25755,19-08-2018,1709,564,3,Credit Card
140,25,1,20180819,B-25755,19-08-2018,134,-34,2,COD
141,25,5,20180819,B-25755,19-08-2018,47,-3,2,UPI
142,25,8,20180819,B-25755,19-08-2018,257,-3,2,UPI
143,25,5,20180819,B-25755,19-08-2018,80,-19,5,UPI
144,25,3,20180819,B-25755,19-08-2018,26,4,2,UPI
145,25,3,20180819,B-25755,19-08-2018,37,-53,3,Credit Card
146,25,8,20180819,B-25755,19-08-2018,593,213,4,Debit Card
147,25,3,20180819,B-25755,19-08-2018,321,315,5,UPI
148,26,8,20181210,B-25902,10-12-2018,268,6,2,UPI
149,26,3,20181210,B-25902,10-12-2018,79,6,7,COD
150,26,14,20181210,B-25902,10-12-2018,154,26,4,COD
151,26,13,20181210,B-25902,10-12-2018,1700,85,3,COD
152,26,14,20181210,B-25902,10-12-2018,802,120,7,COD
153,27,1,20180104,B-25935,04-01-2018,1657,460,4,Credit Card
154,27,1,20180104,B-25935,04-01-2018,162,20,3,EMI
155,27,11,20180104,B-25935,04-01-2018,150,32,3,COD
156,28,10,20180930,B-25797,30-09-2018,1630,802,5,EMI
157,28,1,20180930,B-25797,30-09-2018,413,-314,9,COD
158,28,11,20180930,B-25797,30-09-2018,31,1,2,UPI
159,28,8,20180930,B-25797,30-09-2018,148,-101,2,UPI
160,28,3,20180930,B-25797,30-09-2018,89,-4,5,Credit Card
161,28,14,20180930,B-25797,30-09-2018,976,293,4,COD
162,29,2,20180427,B-25639,27-04-2018,1629,-153,3,COD
163,30,16,20180604,B-25681,04-06-2018,1096,658,7,COD
164,30,2,20180604,B-25681,04-06-2018,1625,-77,3,EMI
165,30,13,20180604,B-25681,04-06-2018,523,204,7,COD
166,30,3,20180604,B-25681,04-06-2018,44,-3,1,Debit Card
167,30,1,20180604,B-25681,04-06-2018,243,-14,2,COD
168,30,14,20180604,B-25681,04-06-2018,68,-27,3,UPI
169,31,2,20181213,B-25909,13-12-2018,1622,-448,3,EMI
170,31,14,20181213,B-25909,13-12-2018,108,22,3,COD
171,31,2,20181213,B-25909,13-12-2018,323,122,5,UPI
172,31,3,20181213,B-25909,13-12-2018,168,56,3,COD
173,31,15,20181213,B-25909,13-12-2018,12,2,2,Credit Card
174,32,10,20181214,B-25910,14-12-2018,1622,-624,5,Credit Card
175,32,11,20181214,B-25910,14-12-2018,259,47,5,Credit Card
176,32,13,20181214,B-25910,14-12-2018,685,7,7,UPI
177,32,4,20181214,B-25910,14-12-2018,125,15,5,EMI
178,32,4,20181214,B-25910,14-12-2018,33,1,2,COD
179,32,16,20181214,B-25910,14-12-2018,850,-289,5,COD
180,33,7,20180113,B-25950,13-01-2018,1622,95,5,Credit Card
181,33,7,20180113,B-25950,13-01-2018,644,167,2,COD
182,33,3,20180113,B-25950,13-01-2018,136,-33,5,COD
183,33,4,20180113,B-25950,13-01-2018,261,13,6,Credit Card
184,33,9,20180113,B-25950,13-01-2018,190,19,9,Credit Card
185,33,5,20180113,B-25950,13-01-2018,133,5,5,UPI
186,33,11,20180113,B-25950,13-01-2018,158,-29,10,EMI
187,33,5,20180113,B-25950,13-01-2018,54,27,2,COD
188,33,12,20180113,B-25950,13-01-2018,13,4,1,UPI
189,34,3,20180412,B-25613,12-04-2018,1603,0,9,Credit Card
190,35,5,20181223,B-25919,23-12-2018,110,12,7,Debit Card
191,35,16,20181223,B-25919,23-12-2018,1599,37,6,UPI
192,35,6,20181223,B-25919,23-12-2018,28,4,1,COD
193,35,7,20181223,B-25919,23-12-2018,636,-204,2,Debit Card
194,35,2,20181223,B-25919,23-12-2018,977,-244,7,COD
195,36,13,20180901,B-25768,01-09-2018,1582,-443,6,EMI
196,37,13,20180424,B-25629,24-04-2018,1560,421,3,COD
197,38,2,20180722,B-25729,22-07-2018,1549,-439,4,Credit Card
198,39,14,20180109,B-25943,09-01-2018,1547,340,6,EMI
199,39,5,20180109,B-25943,09-01-2018,48,20,4,UPI
200,39,11,20180109,B-25943,09-01-2018,137,38,5,Debit Card
201,39,3,20180109,B-25943,09-01-2018,149,15,3,Debit Card
202,39,11,20180109,B-25943,09-01-2018,26,7,4,COD
203,40,7,20181102,B-25842,02-11-2018,1543,370,8,Credit Card
204,41,11,20180321,B-26073,21-03-2018,37,17,3,Debit Card
205,41,11,20180321,B-26073,21-03-2018,122,11,4,COD
206,41,5,20180321,B-26073,21-03-2018,290,110,9,UPI
207,41,3,20180321,B-26073,21-03-2018,29,9,3,UPI
208,41,7,20180321,B-26073,21-03-2018,1514,742,4,EMI
209,42,7,20180911,B-25778,11-09-2018,1506,-266,6,Credit Card
210,42,3,20180911,B-25778,11-09-2018,933,166,5,Credit Card
211,42,3,20180911,B-25778,11-09-2018,109,-6,6,COD
212,42,16,20180911,B-25778,11-09-2018,724,-447,4,UPI
213,43,3,20180712,B-25717,12-07-2018,561,212,3,Credit Card
214,43,3,20180712,B-25717,12-07-2018,138,-3,5,COD
215,43,4,20180712,B-25717,12-07-2018,90,17,3,COD
216,43,1,20180712,B-25717,12-07-2018,55,-33,2,COD
217,23,13,20180326,B-26085,26-03-2018,1487,624,3,Credit Card
218,23,3,20180326,B-26085,26-03-2018,132,-10,3,COD
219,23,3,20180326,B-26085,26-03-2018,86,22,2,COD
220,23,5,20180326,B-26085,26-03-2018,40,17,2,COD
221,44,10,20180304,B-26048,04-03-2018,1461,202,5,EMI
222,44,1,20180304,B-26048,04-03-2018,401,13,6,Credit Card
223,44,14,20180304,B-26048,04-03-2018,163,81,2,COD
224,44,13,20180304,B-26048,04-03-2018,1104,209,4,UPI
225,45,11,20180924,B-25793,24-09-2018,60,-12,4,Debit Card
226,45,3,20180924,B-25793,24-09-2018,257,-252,4,Debit Card
227,45,17,20180924,B-25793,24-09-2018,63,-24,6,COD
228,45,11,20180924,B-25793,24-09-2018,40,-33,5,Credit Card
229,45,15,20180924,B-25793,24-09-2018,24,-1,4,Credit Card
230,45,11,20180924,B-25793,24-09-2018,18,1,3,COD
231,45,3,20180924,B-25793,24-09-2018,1402,109,11,EMI
232,46,11,20180511,B-25656,11-05-2018,24,-1,2,COD
233,46,11,20180511,B-25656,11-05-2018,6,3,1,COD
234,46,5,20180511,B-25656,11-05-2018,30,-5,5,UPI
235,46,3,20180511,B-25656,11-05-2018,406,126,2,COD
236,46,11,20180511,B-25656,11-05-2018,56,18,2,Debit Card
237,46,15,20180511,B-25656,11-05-2018,101,18,9,COD
238,46,3,20180511,B-25656,11-05-2018,61,-23,2,COD
239,46,3,20180511,B-25656,11-05-2018,534,0,3,Debit Card
240,46,16,20180511,B-25656,11-05-2018,624,37,2,Debit Card
241,46,7,20180511,B-25656,11-05-2018,651,169,5,COD
242,46,11,20180511,B-25656,11-05-2018,13,-1,3,COD
243,46,3,20180511,B-25656,11-05-2018,1389,680,7,COD
244,47,10,20180408,B-25608,08-04-2018,1364,1864,5,Credit Card
245,47,1,20180408,B-25608,08-04-2018,476,0,3,COD
246,47,11,20180408,B-25608,08-04-2018,257,23,5,COD
247,47,7,20180408,B-25608,08-04-2018,856,385,6,COD
248,48,16,20180814,B-25752,14-08-2018,761,266,9,COD
249,48,7,20180814,B-25752,14-08-2018,735,-235,6,COD
250,48,5,20180814,B-25752,14-08-2018,76,27,5,COD
251,48,6,20180814,B-25752,14-08-2018,91,15,6,UPI
252,48,1,20180814,B-25752,14-08-2018,33,-27,1,Credit Card
253,48,8,20180814,B-25752,14-08-2018,1361,197,9,COD
254,48,11,20180814,B-25752,14-08-2018,8,-2,2,COD
255,49,10,20180912,B-25779,12-09-2018,1361,980,3,COD
256,50,11,20180403,B-25603,03-04-2018,12,1,2,COD
257,50,5,20180403,B-25603,03-04-2018,107,36,6,COD
258,50,5,20180403,B-25603,03-04-2018,116,16,4,COD
259,50,13,20180403,B-25603,03-04-2018,180,5,3,Debit Card
260,50,3,20180403,B-25603,03-04-2018,193,-166,3,EMI
261,50,17,20180403,B-25603,03-04-2018,38,18,1,COD
262,50,1,20180403,B-25603,03-04-2018,24,-30,1,COD
263,50,13,20180403,B-25603,03-04-2018,1355,-60,5,COD
264,51,7,20180307,B-26051,07-03-2018,1337,147,7,Credit Card
265,51,14,20180307,B-26051,07-03-2018,490,88,2,EMI
266,51,3,20180307,B-26051,07-03-2018,382,119,2,Credit Card
267,51,5,20180307,B-26051,07-03-2018,216,50,4,COD
268,51,11,20180307,B-26051,07-03-2018,85,24,10,Debit Card
269,51,5,20180307,B-26051,07-03-2018,80,22,3,UPI
270,51,8,20180307,B-26051,07-03-2018,669,74,5,COD
271,51,6,20180307,B-26051,07-03-2018,184,85,6,UPI
272,51,16,20180307,B-26051,07-03-2018,600,-102,5,Debit Card
273,51,8,20180307,B-26051,07-03-2018,676,195,5,Debit Card
274,52,7,20180508,B-25653,08-05-2018,1279,-640,8,EMI
275,52,7,20180508,B-25653,08-05-2018,668,-31,3,Credit Card
276,52,2,20180508,B-25653,08-05-2018,427,-50,7,COD
277,52,2,20180508,B-25653,08-05-2018,195,-117,5,COD
278,52,14,20180508,B-25653,08-05-2018,115,25,1,COD
279,52,14,20180508,B-25653,08-05-2018,168,-10,3,UPI
280,52,14,20180508,B-25653,08-05-2018,227,102,8,Debit Card
281,52,3,20180508,B-25653,08-05-2018,28,-3,2,UPI
282,52,1,20180508,B-25653,08-05-2018,1327,318,8,EMI
283,53,7,20181108,B-25855,08-11-2018,829,19,4,Credit Card
284,53,11,20181108,B-25855,08-11-2018,90,17,3,COD
285,53,11,20181108,B-25855,08-11-2018,98,12,2,Credit Card
286,53,8,20181108,B-25855,08-11-2018,197,73,1,COD
287,53,11,20181108,B-25855,08-11-2018,61,30,2,UPI
288,53,16,20181108,B-25855,08-11-2018,442,31,2,UPI
289,53,9,20181108,B-25855,08-11-2018,550,-242,5,UPI
290,53,7,20181108,B-25855,08-11-2018,1319,567,5,COD
291,53,3,20181108,B-25855,08-11-2018,1027,441,8,COD
292,54,16,20180826,B-25762,26-08-2018,1316,527,7,Credit Card
293,54,3,20180826,B-25762,26-08-2018,98,-5,2,UPI
294,54,15,20180826,B-25762,26-08-2018,27,4,3,COD
295,55,8,20180204,B-25995,04-02-2018,1314,342,3,Credit Card
296,56,8,20180102,B-25929,02-01-2018,1308,536,3,Credit Card
297,56,1,20180102,B-25929,02-01-2018,216,-135,3,Credit Card
298,56,1,20180102,B-25929,02-01-2018,154,-85,3,EMI
299,57,14,20180209,B-26006,09-02-2018,1301,573,5,Credit Card
300,58,7,20180622,B-25697,22-06-2018,1300,-16,8,Credit Card
301,58,13,20180622,B-25697,22-06-2018,115,-39,3,COD
302,58,14,20180622,B-25697,22-06-2018,114,8,3,Debit Card
303,58,2,20180622,B-25697,22-06-2018,73,-7,1,COD
304,58,5,20180622,B-25697,22-06-2018,67,-42,3,COD
305,58,7,20180622,B-25697,22-06-2018,322,193,5,COD
306,58,15,20180622,B-25697,22-06-2018,4,-3,1,Credit Card
307,59,7,20181029,B-25836,29-10-2018,1298,65,9,EMI
308,60,16,20180401,B-25601,01-04-2018,80,-56,4,UPI
309,60,5,20180401,B-25601,01-04-2018,66,-12,5,UPI
310,60,8,20180401,B-25601,01-04-2018,1275,1148,7,EMI
311,60,11,20180401,B-25601,01-04-2018,8,-2,3,Credit Card
312,61,17,20181123,B-25873,23-11-2018,42,12,2,COD
313,61,2,20181123,B-25873,23-11-2018,1275,357,2,UPI
314,61,5,20181123,B-25873,23-11-2018,66,12,3,COD
315,61,16,20181123,B-25873,23-11-2018,367,73,3,UPI
316,61,11,20181123,B-25873,23-11-2018,7,1,1,COD
317,62,2,20180220,B-26028,20-02-2018,1272,547,2,COD
318,62,14,20180220,B-26028,20-02-2018,115,0,1,Debit Card
319,62,4,20180220,B-26028,20-02-2018,77,36,2,EMI
320,63,1,20180120,B-25964,20-01-2018,346,108,3,COD
321,63,5,20180120,B-25964,20-01-2018,199,0,4,EMI
322,63,3,20180120,B-25964,20-01-2018,89,6,5,COD
323,63,16,20180120,B-25964,20-01-2018,1270,546,11,EMI
324,64,10,20180601,B-25676,01-06-2018,674,-187,2,COD
325,64,16,20180601,B-25676,01-06-2018,342,-103,4,COD
326,64,4,20180601,B-25676,01-06-2018,79,36,4,COD
327,64,4,20180601,B-25676,01-06-2018,32,6,3,COD
328,64,13,20180601,B-25676,01-06-2018,1263,-56,5,EMI
329,65,3,20181030,B-25839,30-10-2018,1250,486,7,EMI
330,66,8,20181204,B-25894,04-12-2018,1246,62,3,EMI
331,67,5,20181229,B-25925,29-12-2018,27,12,1,Debit Card
332,67,16,20181229,B-25925,29-12-2018,314,-41,3,Credit Card
333,67,1,20181229,B-25925,29-12-2018,1228,14,3,UPI
334,68,7,20180114,B-25953,14-01-2018,744,119,6,COD
335,68,6,20180114,B-25953,14-01-2018,67,20,4,UPI
336,68,5,20180114,B-25953,14-01-2018,81,41,3,Debit Card
337,68,16,20180114,B-25953,14-01-2018,188,-193,2,Credit Card
338,68,14,20180114,B-25953,14-01-2018,116,22,1,Credit Card
339,68,5,20180114,B-25953,14-01-2018,87,36,5,Credit Card
340,68,11,20180114,B-25953,14-01-2018,44,2,3,COD
341,68,11,20180114,B-25953,14-01-2018,22,-8,4,Credit Card
342,68,8,20180114,B-25953,14-01-2018,1218,352,9,EMI
343,69,7,20180902,B-25772,02-09-2018,1183,106,4,EMI
344,70,5,20180118,B-25957,18-01-2018,147,73,3,COD
345,70,8,20180118,B-25957,18-01-2018,1157,-13,9,Credit Card
346,70,3,20180118,B-25957,18-01-2018,209,2,1,COD
347,71,2,20180722,B-25730,22-07-2018,1145,-706,3,Credit Card
348,71,11,20180722,B-25730,22-07-2018,18,8,2,Debit Card
349,71,1,20180722,B-25730,22-07-2018,473,42,4,COD
350,71,14,20180722,B-25730,22-07-2018,187,30,4,Credit Card
351,71,1,20180722,B-25730,22-07-2018,83,-81,3,COD
352,71,5,20180722,B-25730,22-07-2018,96,22,5,Credit Card
353,72,15,20181124,B-25877,24-11-2018,24,8,2,Debit Card
354,72,1,20181124,B-25877,24-11-2018,269,33,5,Debit Card
355,72,13,20181124,B-25877,24-11-2018,1137,568,2,EMI
356,73,7,20180316,B-26067,16-03-2018,1137,-14,7,EMI
357,73,3,20180316,B-26067,16-03-2018,1120,199,6,EMI
358,73,11,20180316,B-26067,16-03-2018,53,2,4,COD
359,73,8,20180316,B-26067,16-03-2018,618,27,4,Credit Card
360,73,6,20180316,B-26067,16-03-2018,67,2,4,UPI
361,74,3,20181010,B-25810,10-10-2018,1120,199,6,EMI
362,74,11,20181010,B-25810,10-10-2018,29,8,5,UPI
363,74,14,20181010,B-25810,10-10-2018,307,74,3,EMI
364,74,5,20181010,B-25810,10-10-2018,92,42,2,COD
365,74,4,20181010,B-25810,10-10-2018,45,6,3,COD
366,74,11,20181010,B-25810,10-10-2018,26,10,4,UPI
367,75,10,20181118,B-25868,18-11-2018,1118,206,2,Credit Card
368,75,14,20181118,B-25868,18-11-2018,170,73,2,UPI
369,75,2,20181118,B-25868,18-11-2018,62,-1,1,UPI
370,76,5,20180219,B-26023,19-02-2018,66,22,3,UPI
371,76,5,20180219,B-26023,19-02-2018,59,21,2,Debit Card
372,76,9,20180219,B-26023,19-02-2018,29,0,3,COD
373,76,8,20180219,B-26023,19-02-2018,1117,447,10,EMI
374,13,2,20180423,B-25626,23-04-2018,46,-14,1,COD
375,13,1,20180423,B-25626,23-04-2018,1103,276,3,EMI
376,77,8,20180105,B-25937,05-01-2018,1101,352,3,UPI
377,78,3,20180409,B-25610,09-04-2018,43,0,3,Debit Card
378,78,14,20180409,B-25610,09-04-2018,68,-55,5,UPI
379,78,5,20180409,B-25610,09-04-2018,107,-54,4,EMI
380,78,9,20180409,B-25610,09-04-2018,30,-5,2,COD
381,78,7,20180409,B-25610,09-04-2018,781,594,6,Debit Card
382,78,7,20180409,B-25610,09-04-2018,1076,-38,4,COD
383,79,7,20180910,B-25777,10-09-2018,1076,-38,4,Credit Card
384,79,6,20180910,B-25777,10-09-2018,59,-46,7,UPI
385,79,17,20180910,B-25777,10-09-2018,117,17,6,COD
386,79,14,20180910,B-25777,10-09-2018,61,-25,4,UPI
387,79,17,20180910,B-25777,10-09-2018,69,-67,4,UPI
388,80,9,20180802,B-25738,02-08-2018,70,-14,2,UPI
389,80,3,20180802,B-25738,02-08-2018,72,-6,3,UPI
390,80,2,20180802,B-25738,02-08-2018,148,-91,2,COD
391,80,3,20180802,B-25738,02-08-2018,1069,0,6,EMI
392,81,5,20180127,B-25978,27-01-2018,341,160,7,Debit Card
393,81,16,20180127,B-25978,27-01-2018,1063,-175,4,EMI
394,82,11,20180429,B-25643,29-04-2018,50,-44,2,UPI
395,82,8,20180429,B-25643,29-04-2018,1061,-36,8,EMI
396,82,4,20180429,B-25643,29-04-2018,37,-23,4,UPI
397,82,16,20180429,B-25643,29-04-2018,263,-63,2,Debit Card
398,82,16,20180429,B-25643,29-04-2018,36,-7,1,COD
399,83,7,20180722,B-25728,22-07-2018,1055,264,4,EMI
400,83,2,20180722,B-25728,22-07-2018,771,-424,2,Credit Card
401,83,3,20180722,B-25728,22-07-2018,322,-113,4,Credit Card
402,84,8,20180813,B-25749,13-08-2018,1052,-82,3,UPI
403,85,11,20180523,B-25667,23-05-2018,11,-2,4,COD
404,85,3,20180523,B-25667,23-05-2018,344,-34,3,Debit Card
405,85,15,20180523,B-25667,23-05-2018,41,6,5,Credit Card
406,85,8,20180523,B-25667,23-05-2018,516,69,4,UPI
407,85,7,20180523,B-25667,23-05-2018,1030,206,8,UPI
408,73,16,20180513,B-25657,13-05-2018,1021,-48,4,EMI
409,73,3,20180513,B-25657,13-05-2018,32,-22,5,UPI
410,73,1,20180513,B-25657,13-05-2018,288,-180,4,COD
411,73,2,20180513,B-25657,13-05-2018,332,-43,6,UPI
412,86,13,20180817,B-25753,17-08-2018,341,-85,6,Credit Card
413,86,6,20180817,B-25753,17-08-2018,154,22,7,COD
414,86,14,20180817,B-25753,17-08-2018,65,-52,3,COD
415,86,9,20180817,B-25753,17-08-2018,47,-114,5,COD
416,86,17,20180817,B-25753,17-08-2018,62,-56,5,COD
417,86,5,20180817,B-25753,17-08-2018,77,-43,8,COD
418,86,11,20180817,B-25753,17-08-2018,27,-20,2,COD
419,86,6,20180817,B-25753,17-08-2018,107,31,5,COD
420,86,14,20180817,B-25753,17-08-2018,620,82,6,COD
421,87,7,20180314,B-26061,14-03-2018,965,-68,3,COD
422,87,6,20180314,B-26061,14-03-2018,27,8,2,Debit Card
423,87,7,20180314,B-26061,14-03-2018,206,12,1,Credit Card
424,87,5,20180314,B-26061,14-03-2018,109,52,2,UPI
425,87,14,20180314,B-26061,14-03-2018,508,203,2,Debit Card
426,87,3,20180314,B-26061,14-03-2018,642,180,5,COD
427,88,5,20181029,B-25838,29-10-2018,161,40,3,COD
428,88,11,20181029,B-25838,29-10-2018,81,19,7,COD
429,88,11,20181029,B-25838,29-10-2018,70,26,5,COD
430,88,7,20181029,B-25838,29-10-2018,955,305,3,Debit Card
431,89,4,20180627,B-25702,27-06-2018,75,0,3,EMI
432,89,3,20180627,B-25702,27-06-2018,306,-147,3,Debit Card
433,89,1,20180627,B-25702,27-06-2018,424,-17,9,Debit Card
434,89,3,20180627,B-25702,27-06-2018,31,-3,4,COD
435,89,10,20180627,B-25702,27-06-2018,941,203,3,UPI
436,90,11,20180113,B-25952,13-01-2018,14,0,4,UPI
437,90,1,20180113,B-25952,13-01-2018,173,69,3,COD
438,90,3,20180113,B-25952,13-01-2018,147,48,3,COD
439,90,15,20180113,B-25952,13-01-2018,87,-32,9,COD
440,90,11,20180113,B-25952,13-01-2018,44,14,3,COD
441,90,13,20180113,B-25952,13-01-2018,352,18,5,Debit Card
442,90,16,20180113,B-25952,13-01-2018,935,114,4,UPI
443,91,16,20180522,B-25666,22-05-2018,934,-916,7,COD
444,92,3,20180531,B-25675,31-05-2018,929,-93,9,COD
445,93,3,20180506,B-25650,06-05-2018,512,-225,5,COD
446,93,2,20180506,B-25650,06-05-2018,351,-47,8,COD
447,93,3,20180506,B-25650,06-05-2018,238,20,2,COD
448,93,13,20180506,B-25650,06-05-2018,269,111,3,EMI
449,93,3,20180506,B-25650,06-05-2018,211,-105,2,Credit Card
450,93,7,20180506,B-25650,06-05-2018,245,-78,2,UPI
451,93,3,20180506,B-25650,06-05-2018,31,-2,2,Credit Card
452,93,5,20180506,B-25650,06-05-2018,28,-26,2,UPI
453,93,16,20180506,B-25650,06-05-2018,925,-447,5,COD
454,94,9,20180131,B-25986,31-01-2018,749,-307,7,COD
455,94,12,20180131,B-25986,31-01-2018,71,4,5,Debit Card
456,94,7,20180131,B-25986,31-01-2018,487,-23,3,Debit Card
457,94,16,20180131,B-25986,31-01-2018,918,22,9,COD
458,95,2,20181105,B-25850,05-11-2018,916,192,11,COD
459,95,11,20181105,B-25850,05-11-2018,93,-1,2,COD
460,95,11,20181105,B-25850,05-11-2018,24,1,4,COD
461,95,3,20181105,B-25850,05-11-2018,485,199,4,EMI
462,95,6,20181105,B-25850,05-11-2018,45,1,3,Debit Card
463,95,5,20181105,B-25850,05-11-2018,148,24,3,COD
464,95,12,20181105,B-25850,05-11-2018,52,18,5,Debit Card
465,95,13,20181105,B-25850,05-11-2018,117,36,2,Debit Card
466,95,14,20181105,B-25850,05-11-2018,513,215,2,COD
467,96,10,20181207,B-25898,07-12-2018,857,-274,2,COD
468,96,12,20181207,B-25898,07-12-2018,33,13,3,UPI
469,96,16,20181207,B-25898,07-12-2018,171,2,2,COD
470,96,5,20181207,B-25898,07-12-2018,147,73,3,UPI
471,96,6,20181207,B-25898,07-12-2018,53,5,3,COD
472,96,3,20181207,B-25898,07-12-2018,499,33,4,COD
473,96,4,20181207,B-25898,07-12-2018,191,93,4,UPI
474,96,10,20181207,B-25898,07-12-2018,915,-99,3,Debit Card
475,97,1,20181010,B-25813,10-10-2018,911,202,7,COD
476,98,3,20181021,B-25825,21-10-2018,140,6,5,COD
477,98,5,20181021,B-25825,21-10-2018,115,25,6,COD
478,98,2,20181021,B-25825,21-10-2018,911,355,5,Debit Card
479,99,12,20180114,B-25954,14-01-2018,27,0,2,COD
480,99,16,20180114,B-25954,14-01-2018,148,9,1,UPI
481,99,2,20180114,B-25954,14-01-2018,146,66,1,UPI
482,99,3,20180114,B-25954,14-01-2018,891,0,5,COD
483,99,9,20180114,B-25954,14-01-2018,189,60,4,Debit Card
484,99,4,20180114,B-25954,14-01-2018,48,11,2,COD
485,99,5,20180114,B-25954,14-01-2018,44,10,3,COD
486,99,16,20180114,B-25954,14-01-2018,524,-25,2,Debit Card
487,100,3,20180621,B-25696,21-06-2018,275,-275,4,COD
488,100,17,20180621,B-25696,21-06-2018,44,99,3,Debit Card
489,100,2,20180621,B-25696,21-06-2018,117,-6,3,COD
490,100,3,20180621,B-25696,21-06-2018,116,-4,1,COD
491,100,3,20180621,B-25696,21-06-2018,168,-9,3,COD
492,100,7,20180621,B-25696,21-06-2018,887,80,3,UPI
493,44,8,20180426,B-25638,26-04-2018,182,-11,3,Credit Card
494,44,11,20180426,B-25638,26-04-2018,154,39,3,COD
495,44,7,20180426,B-25638,26-04-2018,816,-96,3,Debit Card
496,44,9,20180426,B-25638,26-04-2018,880,97,8,Debit Card
497,101,8,20180811,B-25747,11-08-2018,877,395,2,Credit Card
498,102,1,20181210,B-25904,10-12-2018,83,12,2,COD
499,102,8,20181210,B-25904,10-12-2018,871,131,2,UPI
500,103,10,20181107,B-25852,07-11-2018,869,67,4,COD
501,103,11,20181107,B-25852,07-11-2018,24,1,2,COD
502,103,17,20181107,B-25852,07-11-2018,105,-33,5,COD
503,103,5,20181107,B-25852,07-11-2018,97,17,2,Credit Card
504,103,11,20181107,B-25852,07-11-2018,45,12,4,COD
505,103,7,20181107,B-25852,07-11-2018,320,144,1,Debit Card
506,103,5,20181107,B-25852,07-11-2018,50,16,1,EMI
507,104,2,20180128,B-25981,28-01-2018,867,251,5,COD
508,104,3,20180128,B-25981,28-01-2018,54,12,3,Debit Card
509,104,6,20180128,B-25981,28-01-2018,62,8,2,UPI
510,104,5,20180128,B-25981,28-01-2018,48,2,3,COD
511,104,8,20180128,B-25981,28-01-2018,245,91,2,UPI
512,104,12,20180128,B-25981,28-01-2018,42,13,3,COD
513,105,12,20181208,B-25899,08-12-2018,22,9,2,Debit Card
514,105,3,20181208,B-25899,08-12-2018,43,17,1,COD
515,105,15,20181208,B-25899,08-12-2018,28,6,4,COD
516,105,1,20181208,B-25899,08-12-2018,846,9,2,Debit Card
517,106,3,20181120,B-25870,20-11-2018,845,84,7,Credit Card
518,106,17,20181120,B-25870,20-11-2018,10,4,1,UPI
519,106,9,20181120,B-25870,20-11-2018,57,7,3,COD
520,106,11,20181120,B-25870,20-11-2018,473,-113,9,UPI
521,107,5,20180226,B-26040,26-02-2018,38,9,2,COD
522,107,11,20180226,B-26040,26-02-2018,113,24,4,Debit Card
523,107,13,20180226,B-26040,26-02-2018,833,93,3,UPI
524,108,13,20180527,B-25671,27-05-2018,832,0,3,UPI
525,109,1,20180331,B-26100,31-03-2018,828,230,2,COD
526,109,6,20180331,B-26100,31-03-2018,34,10,2,Debit Card
527,109,4,20180331,B-26100,31-03-2018,72,16,2,COD
528,87,1,20180507,B-25651,07-05-2018,823,-18,7,COD
529,87,3,20180507,B-25651,07-05-2018,457,-41,4,COD
530,87,12,20180507,B-25651,07-05-2018,7,0,1,COD
531,87,3,20180507,B-25651,07-05-2018,159,4,1,COD
532,87,1,20180507,B-25651,07-05-2018,172,-103,3,EMI
533,87,5,20180507,B-25651,07-05-2018,44,-8,3,UPI
534,87,8,20180507,B-25651,07-05-2018,200,-60,4,UPI
535,87,4,20180507,B-25651,07-05-2018,49,3,1,COD
536,87,6,20180507,B-25651,07-05-2018,16,-10,2,COD
537,87,15,20180507,B-25651,07-05-2018,11,-4,2,COD
538,110,14,20180121,B-25968,21-01-2018,811,154,7,UPI
539,111,6,20180215,B-26019,15-02-2018,585,175,13,COD
540,112,2,20180520,B-25664,20-05-2018,444,-200,4,EMI
541,112,8,20180520,B-25664,20-05-2018,83,-48,1,UPI
542,112,2,20180520,B-25664,20-05-2018,258,-27,2,Debit Card
543,112,2,20180520,B-25664,20-05-2018,785,52,2,Debit Card
544,113,14,20180222,B-26033,22-02-2018,774,170,3,COD
545,113,8,20180222,B-26033,22-02-2018,143,32,1,COD
546,113,4,20180222,B-26033,22-02-2018,111,35,5,COD
547,114,14,20180308,B-26052,08-03-2018,774,170,3,COD
548,114,17,20180308,B-26052,08-03-2018,78,-28,6,UPI
549,114,3,20180308,B-26052,08-03-2018,145,0,3,UPI
550,114,6,20180308,B-26052,08-03-2018,101,16,4,COD
551,114,17,20180308,B-26052,08-03-2018,148,23,4,EMI
552,114,5,20180308,B-26052,08-03-2018,25,7,2,COD
553,114,4,20180308,B-26052,08-03-2018,15,1,1,COD
554,115,4,20180205,B-25999,05-02-2018,223,62,7,COD
555,115,3,20180205,B-25999,05-02-2018,215,-30,2,COD
556,115,5,20180205,B-25999,05-02-2018,93,-65,4,UPI
557,115,9,20180205,B-25999,05-02-2018,109,40,1,COD
558,115,3,20180205,B-25999,05-02-2018,152,-3,5,COD
559,115,5,20180205,B-25999,05-02-2018,26,-17,1,COD
560,115,16,20180205,B-25999,05-02-2018,51,-49,2,COD
561,115,2,20180205,B-25999,05-02-2018,129,11,2,UPI
562,115,11,20180205,B-25999,05-02-2018,222,74,5,COD
563,115,5,20180205,B-25999,05-02-2018,352,74,8,Debit Card
564,115,14,20180205,B-25999,05-02-2018,770,323,3,COD
565,116,5,20180914,B-25781,14-09-2018,45,-28,2,Debit Card
566,116,17,20180914,B-25781,14-09-2018,25,-1,4,COD
567,116,11,20180914,B-25781,14-09-2018,60,-49,8,COD
568,116,6,20180914,B-25781,14-09-2018,30,-25,2,COD
569,116,7,20180914,B-25781,14-09-2018,584,-444,7,UPI
570,116,13,20180914,B-25781,14-09-2018,767,-353,5,COD
571,117,17,20180828,B-25764,28-08-2018,26,0,2,COD
572,117,3,20180828,B-25764,28-08-2018,349,-24,2,Debit Card
573,117,2,20180828,B-25764,28-08-2018,765,-153,2,Debit Card
574,117,6,20180828,B-25764,28-08-2018,119,43,5,COD
575,118,3,20181005,B-25803,05-10-2018,765,8,6,EMI
576,118,7,20181005,B-25803,05-10-2018,757,371,2,Credit Card
577,118,13,20181005,B-25803,05-10-2018,536,91,1,COD
578,118,16,20181005,B-25803,05-10-2018,269,91,1,COD
579,118,4,20181005,B-25803,05-10-2018,137,5,5,COD
580,118,5,20181005,B-25803,05-10-2018,185,48,4,Credit Card
581,118,13,20181005,B-25803,05-10-2018,106,12,3,Credit Card
582,118,1,20181005,B-25803,05-10-2018,511,194,3,UPI
583,119,16,20180111,B-25945,11-01-2018,765,-36,3,COD
584,119,4,20180111,B-25945,11-01-2018,63,14,2,COD
585,119,3,20180111,B-25945,11-01-2018,60,3,3,UPI
586,119,8,20180111,B-25945,11-01-2018,245,10,2,COD
587,76,7,20180326,B-26086,26-03-2018,762,101,6,COD
588,76,11,20180326,B-26086,26-03-2018,25,2,2,Debit Card
589,76,6,20180326,B-26086,26-03-2018,43,17,2,UPI
590,120,17,20181103,B-25845,03-11-2018,82,-33,4,COD
591,120,7,20181103,B-25845,03-11-2018,757,371,2,Credit Card
592,120,2,20181103,B-25845,03-11-2018,274,-7,4,COD
593,120,5,20181103,B-25845,03-11-2018,132,54,5,COD
594,121,7,20181013,B-25817,13-10-2018,743,89,5,UPI
595,122,8,20180113,B-25951,13-01-2018,742,198,2,Credit Card
596,122,13,20180113,B-25951,13-01-2018,250,100,3,COD
597,122,5,20180113,B-25951,13-01-2018,89,29,2,UPI
598,122,5,20180113,B-25951,13-01-2018,120,23,5,COD
599,122,11,20180113,B-25951,13-01-2018,111,11,9,Credit Card
600,122,5,20180113,B-25951,13-01-2018,102,13,2,Credit Card
601,122,2,20180113,B-25951,13-01-2018,248,105,2,Debit Card
602,122,16,20180113,B-25951,13-01-2018,50,14,1,COD
603,122,14,20180113,B-25951,13-01-2018,40,18,1,Credit Card
604,122,17,20180113,B-25951,13-01-2018,30,5,2,UPI
605,123,8,20180122,B-25970,22-01-2018,742,198,2,COD
606,123,2,20180122,B-25970,22-01-2018,365,107,3,COD
607,123,5,20180122,B-25970,22-01-2018,111,9,4,COD
608,123,7,20180122,B-25970,22-01-2018,203,84,2,UPI
609,124,8,20181124,B-25878,24-11-2018,741,267,5,COD
610,124,1,20181124,B-25878,24-11-2018,719,303,6,COD
611,124,9,20181124,B-25878,24-11-2018,165,46,3,COD
612,124,12,20181124,B-25878,24-11-2018,46,0,4,COD
613,124,5,20181124,B-25878,24-11-2018,140,15,5,UPI
614,124,6,20181124,B-25878,24-11-2018,84,41,3,Credit Card
615,125,8,20180310,B-26057,10-03-2018,659,-37,2,Credit Card
616,125,6,20180310,B-26057,10-03-2018,54,8,4,Debit Card
617,125,13,20180310,B-26057,10-03-2018,224,87,3,COD
618,125,7,20180310,B-26057,10-03-2018,736,346,5,COD
619,126,1,20181128,B-25885,28-11-2018,734,248,2,COD
620,126,5,20181128,B-25885,28-11-2018,349,0,7,Credit Card
621,126,4,20181128,B-25885,28-11-2018,94,27,2,Credit Card
622,126,8,20181128,B-25885,28-11-2018,394,146,2,UPI
623,127,16,20181206,B-25897,06-12-2018,734,213,6,Credit Card
624,127,11,20181206,B-25897,06-12-2018,24,11,5,Debit Card
625,127,5,20181206,B-25897,06-12-2018,43,5,3,COD
626,127,11,20181206,B-25897,06-12-2018,33,10,3,COD
627,128,8,20180820,B-25756,20-08-2018,729,-492,5,UPI
628,128,2,20180820,B-25756,20-08-2018,465,-33,4,EMI
629,128,8,20180820,B-25756,20-08-2018,204,276,3,COD
630,128,12,20180820,B-25756,20-08-2018,29,-24,4,COD
631,128,7,20180820,B-25756,20-08-2018,643,-45,2,Debit Card
632,129,8,20181114,B-25859,14-11-2018,724,253,2,UPI
633,130,3,20180616,B-25691,16-06-2018,714,56,4,COD
634,130,5,20180616,B-25691,16-06-2018,75,-25,3,UPI
635,130,5,20180616,B-25691,16-06-2018,17,-9,3,COD
636,131,13,20180426,B-25633,26-04-2018,496,-79,2,COD
637,131,3,20180426,B-25633,26-04-2018,711,-8,4,Debit Card
638,131,2,20180426,B-25633,26-04-2018,249,-130,4,UPI
639,132,2,20180701,B-25708,01-07-2018,709,-100,5,COD
640,132,9,20180701,B-25708,01-07-2018,191,13,8,COD
641,132,5,20180701,B-25708,01-07-2018,32,-8,2,COD
642,132,5,20180701,B-25708,01-07-2018,81,-51,7,EMI
643,133,3,20181027,B-25831,27-10-2018,693,254,6,COD
644,134,3,20181110,B-25856,10-11-2018,257,3,2,COD
645,134,15,20181110,B-25856,10-11-2018,10,2,2,COD
646,134,3,20181110,B-25856,10-11-2018,48,6,1,COD
647,134,5,20181110,B-25856,10-11-2018,74,29,3,EMI
648,134,3,20181110,B-25856,10-11-2018,689,90,5,COD
649,135,17,20181204,B-25893,04-12-2018,61,11,3,COD
650,135,5,20181204,B-25893,04-12-2018,355,-114,7,Credit Card
651,135,5,20181204,B-25893,04-12-2018,83,12,3,UPI
652,135,3,20181204,B-25893,04-12-2018,149,15,3,EMI
653,135,7,20181204,B-25893,04-12-2018,372,59,3,UPI
654,135,4,20181204,B-25893,04-12-2018,223,62,7,COD
655,135,14,20181204,B-25893,04-12-2018,688,-103,6,Debit Card
656,136,1,20180118,B-25959,18-01-2018,681,259,4,COD
657,136,11,20180118,B-25959,18-01-2018,23,8,2,Debit Card
658,136,17,20180118,B-25959,18-01-2018,32,2,2,UPI
659,136,4,20180118,B-25959,18-01-2018,132,49,3,COD
660,136,2,20180118,B-25959,18-01-2018,252,56,2,UPI
661,136,11,20180118,B-25959,18-01-2018,82,24,6,EMI
662,136,1,20180118,B-25959,18-01-2018,429,17,3,UPI
663,136,2,20180118,B-25959,18-01-2018,637,212,8,Debit Card
664,137,7,20180206,B-26000,06-02-2018,676,151,3,Credit Card
665,137,15,20180206,B-26000,06-02-2018,43,-10,4,COD
666,137,1,20180206,B-26000,06-02-2018,597,93,4,Debit Card
667,138,7,20180328,B-26097,28-03-2018,663,-212,5,UPI
668,138,16,20180328,B-26097,28-03-2018,671,-309,5,COD
669,138,1,20180328,B-26097,28-03-2018,185,-26,6,COD
670,138,11,20180328,B-26097,28-03-2018,97,12,2,UPI
671,138,12,20180328,B-26097,28-03-2018,39,-18,2,Credit Card
672,138,11,20180328,B-26097,28-03-2018,19,8,2,Credit Card
673,138,11,20180328,B-26097,28-03-2018,14,5,1,UPI
674,139,3,20180809,B-25745,09-08-2018,296,225,11,COD
675,139,9,20180809,B-25745,09-08-2018,132,-79,5,COD
676,139,5,20180809,B-25745,09-08-2018,44,-8,3,Credit Card
677,139,8,20180809,B-25745,09-08-2018,670,15,5,Debit Card
678,140,8,20180125,B-25974,25-01-2018,662,240,2,COD
679,141,11,20180525,B-25670,25-05-2018,24,1,2,UPI
680,141,8,20180525,B-25670,25-05-2018,656,-36,2,Credit Card
681,141,5,20180525,B-25670,25-05-2018,74,29,3,COD
682,141,11,20180525,B-25670,25-05-2018,14,2,1,COD
683,142,16,20181103,B-25848,03-11-2018,648,50,6,Credit Card
684,142,9,20181103,B-25848,03-11-2018,147,21,3,Debit Card
685,142,11,20181103,B-25848,03-11-2018,16,8,2,COD
686,143,16,20181202,B-25888,02-12-2018,646,-213,3,COD
687,143,2,20181202,B-25888,02-12-2018,223,4,3,COD
688,143,11,20181202,B-25888,02-12-2018,18,2,3,Credit Card
689,144,7,20180108,B-25942,08-01-2018,646,-23,2,Credit Card
690,145,7,20181103,B-25847,03-11-2018,643,225,2,COD
691,145,9,20181103,B-25847,03-11-2018,264,71,10,Debit Card
692,146,3,20180426,B-25636,26-04-2018,637,113,5,UPI
693,147,7,20181022,B-25826,22-10-2018,637,261,2,COD
694,47,11,20180322,B-26081,22-03-2018,24,11,3,Debit Card
695,47,14,20180322,B-26081,22-03-2018,169,0,3,COD
696,47,8,20180322,B-26081,22-03-2018,359,-338,5,COD
697,47,3,20180322,B-26081,22-03-2018,93,-84,3,UPI
698,47,5,20180322,B-26081,22-03-2018,79,33,4,UPI
699,47,3,20180322,B-26081,22-03-2018,637,50,5,COD
700,148,12,20180423,B-25625,23-04-2018,59,-30,3,Debit Card
701,148,11,20180423,B-25625,23-04-2018,97,29,2,UPI
702,148,3,20180423,B-25625,23-04-2018,635,-349,5,Debit Card
703,149,3,20181005,B-25802,05-10-2018,25,-7,5,UPI
704,149,5,20181005,B-25802,05-10-2018,95,5,2,COD
705,149,14,20181005,B-25802,05-10-2018,633,-633,11,UPI
706,149,4,20181005,B-25802,05-10-2018,23,-3,1,COD
707,149,15,20181005,B-25802,05-10-2018,13,-9,2,COD
708,150,11,20180618,B-25693,18-06-2018,76,-72,9,COD
709,150,3,20180618,B-25693,18-06-2018,632,316,6,COD
710,150,3,20180618,B-25693,18-06-2018,32,-16,6,UPI
711,150,2,20180618,B-25693,18-06-2018,68,-30,1,UPI
712,150,2,20180618,B-25693,18-06-2018,72,-49,1,COD
713,150,6,20180618,B-25693,18-06-2018,82,-39,5,EMI
714,150,15,20180618,B-25693,18-06-2018,13,-13,2,COD
715,151,3,20180924,B-25796,24-09-2018,632,-316,6,COD
716,151,1,20180924,B-25796,24-09-2018,239,-162,5,COD
717,151,3,20180924,B-25796,24-09-2018,148,0,3,COD
718,151,3,20180924,B-25796,24-09-2018,37,-6,1,UPI
719,151,5,20180924,B-25796,24-09-2018,78,-64,7,EMI
720,151,13,20180924,B-25796,24-09-2018,559,-19,2,Debit Card
721,151,14,20180924,B-25796,24-09-2018,28,1,1,UPI
722,152,10,20181006,B-25806,06-10-2018,632,-114,4,UPI
723,153,12,20180705,B-25710,05-07-2018,10,-1,1,UPI
724,153,9,20180705,B-25710,05-07-2018,216,-38,6,UPI
725,153,15,20180705,B-25710,05-07-2018,25,0,4,UPI
726,153,6,20180705,B-25710,05-07-2018,53,-18,4,UPI
727,153,9,20180705,B-25710,05-07-2018,616,-69,7,Debit Card
728,153,6,20180705,B-25710,05-07-2018,13,-8,1,COD
729,154,10,20180525,B-25669,25-05-2018,610,-66,2,COD
730,155,14,20181110,B-25857,10-11-2018,324,39,8,Credit Card
731,155,9,20181110,B-25857,10-11-2018,227,59,2,UPI
732,155,8,20181110,B-25857,10-11-2018,598,166,4,UPI
733,156,3,20180915,B-25785,15-09-2018,595,292,3,COD
734,156,3,20180915,B-25785,15-09-2018,192,-146,3,COD
735,156,3,20180915,B-25785,15-09-2018,268,-25,3,COD
736,156,6,20180915,B-25785,15-09-2018,45,0,2,COD
737,157,8,20180103,B-25930,03-01-2018,595,119,4,COD
738,157,11,20180103,B-25930,03-01-2018,151,29,5,EMI
739,157,6,20180103,B-25930,03-01-2018,202,89,9,EMI
740,157,11,20180103,B-25930,03-01-2018,58,17,2,COD
741,157,6,20180103,B-25930,03-01-2018,40,13,3,COD
742,157,16,20180103,B-25930,03-01-2018,351,-94,5,COD
743,82,8,20180309,B-26053,09-03-2018,594,89,3,COD
744,82,5,20180309,B-26053,09-03-2018,85,2,6,COD
745,82,8,20180309,B-26053,09-03-2018,246,61,2,COD
746,82,15,20180309,B-26053,09-03-2018,27,6,3,COD
747,82,5,20180309,B-26053,09-03-2018,162,55,3,COD
748,82,1,20180309,B-26053,09-03-2018,120,1,1,COD
749,82,14,20180309,B-26053,09-03-2018,93,31,3,UPI
750,82,3,20180309,B-26053,09-03-2018,425,208,7,Debit Card
751,82,15,20180309,B-26053,09-03-2018,17,1,2,Credit Card
752,158,9,20180318,B-26070,18-03-2018,582,262,5,COD
753,158,13,20180318,B-26070,18-03-2018,75,29,1,UPI
754,158,4,20180318,B-26070,18-03-2018,54,12,4,COD
755,158,11,20180318,B-26070,18-03-2018,14,7,2,UPI
756,159,3,20180924,B-25791,24-09-2018,565,66,7,Credit Card
757,159,3,20180924,B-25791,24-09-2018,253,-63,2,UPI
758,159,3,20180924,B-25791,24-09-2018,175,77,3,COD
759,160,8,20180130,B-25983,30-01-2018,561,118,5,Credit Card
760,160,9,20180130,B-25983,30-01-2018,161,-229,8,COD
761,160,3,20180130,B-25983,30-01-2018,230,5,2,UPI
762,160,6,20180130,B-25983,30-01-2018,50,-4,6,EMI
763,160,1,20180130,B-25983,30-01-2018,32,-12,1,Credit Card
764,161,8,20180127,B-25979,27-01-2018,284,45,2,EMI
765,161,17,20180127,B-25979,27-01-2018,82,-27,3,EMI
766,161,4,20180127,B-25979,27-01-2018,57,27,2,UPI
767,161,3,20180127,B-25979,27-01-2018,560,44,3,Debit Card
768,161,11,20180127,B-25979,27-01-2018,12,1,2,COD
769,162,11,20180310,B-26054,10-03-2018,246,98,5,COD
770,162,5,20180310,B-26054,10-03-2018,156,23,3,COD
771,162,4,20180310,B-26054,10-03-2018,88,19,2,Debit Card
772,162,14,20180310,B-26054,10-03-2018,139,21,3,COD
773,162,3,20180310,B-26054,10-03-2018,88,20,2,COD
774,162,5,20180310,B-26054,10-03-2018,138,11,5,UPI
775,162,5,20180310,B-26054,10-03-2018,139,36,3,COD
776,162,16,20180310,B-26054,10-03-2018,559,-174,2,Debit Card
777,163,16,20180322,B-26078,22-03-2018,557,-111,2,COD
778,163,6,20180322,B-26078,22-03-2018,44,20,2,UPI
779,163,5,20180322,B-26078,22-03-2018,137,63,3,COD
780,163,15,20180322,B-26078,22-03-2018,17,8,2,COD
781,164,3,20180920,B-25787,20-09-2018,556,-209,7,COD
782,164,4,20180920,B-25787,20-09-2018,40,-12,3,COD
783,164,9,20180920,B-25787,20-09-2018,140,-58,4,COD
784,164,14,20180920,B-25787,20-09-2018,229,-41,8,COD
785,165,2,20180607,B-25682,07-06-2018,545,-73,11,COD
786,166,8,20180119,B-25962,19-01-2018,544,-152,3,COD
787,166,16,20180119,B-25962,19-01-2018,312,62,1,COD
788,166,7,20180119,B-25962,19-01-2018,260,68,2,COD
789,167,4,20180814,B-25750,14-08-2018,19,-1,1,Debit Card
790,167,3,20180814,B-25750,14-08-2018,208,-25,2,COD
791,167,1,20180814,B-25750,14-08-2018,212,-24,2,COD
792,167,3,20180814,B-25750,14-08-2018,199,-18,2,COD
793,167,9,20180814,B-25750,14-08-2018,78,-6,2,UPI
794,167,8,20180814,B-25750,14-08-2018,73,-31,1,COD
795,167,15,20180814,B-25750,14-08-2018,42,-15,12,UPI
796,167,5,20180814,B-25750,14-08-2018,22,-12,3,COD
797,167,9,20180814,B-25750,14-08-2018,539,-146,7,Debit Card
798,168,3,20181024,B-25828,24-10-2018,537,107,3,COD
799,168,3,20181024,B-25828,24-10-2018,222,35,5,Credit Card
800,168,3,20181024,B-25828,24-10-2018,128,-3,3,Debit Card
801,168,12,20181024,B-25828,24-10-2018,15,2,1,COD
802,169,3,20180422,B-25622,22-04-2018,534,0,3,Debit Card
803,170,11,20180814,B-25751,14-08-2018,32,7,3,COD
804,170,16,20180814,B-25751,14-08-2018,221,-15,2,COD
805,170,17,20180814,B-25751,14-08-2018,10,-8,1,UPI
806,170,2,20180814,B-25751,14-08-2018,106,0,2,EMI
807,170,11,20180814,B-25751,14-08-2018,65,-4,6,COD
808,170,3,20180814,B-25751,14-08-2018,43,-5,2,COD
809,170,4,20180814,B-25751,14-08-2018,43,21,3,COD
810,170,16,20180814,B-25751,14-08-2018,534,5,2,Debit Card
811,170,2,20180814,B-25751,14-08-2018,68,-56,2,COD
812,170,12,20180814,B-25751,14-08-2018,14,-3,2,COD
813,171,9,20180610,B-25685,10-06-2018,264,-30,3,Debit Card
814,171,4,20180610,B-25685,10-06-2018,45,-2,4,COD
815,171,9,20180610,B-25685,10-06-2018,51,7,2,UPI
816,171,2,20180610,B-25685,10-06-2018,529,137,3,Debit Card
817,172,6,20180211,B-26010,11-02-2018,55,3,3,COD
818,172,9,20180211,B-26010,11-02-2018,176,-13,5,COD
819,172,4,20180211,B-26010,11-02-2018,85,13,2,UPI
820,172,16,20180211,B-26010,11-02-2018,527,26,3,COD
821,172,5,20180211,B-26010,11-02-2018,29,3,2,COD
822,172,11,20180211,B-26010,11-02-2018,18,2,3,COD
823,148,2,20180223,B-26035,23-02-2018,520,151,3,Credit Card
824,148,3,20180223,B-26035,23-02-2018,291,119,11,COD
825,148,16,20180223,B-26035,23-02-2018,369,15,3,Debit Card
826,173,1,20180623,B-25698,23-06-2018,516,392,8,COD
827,173,2,20180623,B-25698,23-06-2018,65,-16,2,Debit Card
828,173,3,20180623,B-25698,23-06-2018,207,153,3,Credit Card
829,173,17,20180623,B-25698,23-06-2018,87,-83,5,COD
830,173,11,20180623,B-25698,23-06-2018,27,-6,4,COD
831,173,11,20180623,B-25698,23-06-2018,7,-2,1,COD
832,174,16,20180121,B-25966,21-01-2018,510,234,6,EMI
833,175,8,20181028,B-25832,28-10-2018,504,116,3,COD
834,176,13,20180807,B-25743,07-08-2018,503,-56,2,COD
835,176,3,20180807,B-25743,07-08-2018,99,-5,1,UPI
836,176,3,20180807,B-25743,07-08-2018,143,-124,5,UPI
837,176,11,20180807,B-25743,07-08-2018,56,0,4,COD
838,176,5,20180807,B-25743,07-08-2018,74,-51,3,UPI
839,177,2,20181128,B-25886,28-11-2018,502,84,4,COD
840,177,5,20181128,B-25886,28-11-2018,89,17,2,UPI
841,177,4,20181128,B-25886,28-11-2018,107,37,3,COD
842,177,6,20181128,B-25886,28-11-2018,63,1,4,COD
843,178,15,20180125,B-25975,25-01-2018,29,2,3,COD
844,148,12,20180329,B-26098,29-03-2018,96,-48,5,UPI
845,148,3,20180329,B-26098,29-03-2018,409,86,3,COD
846,148,15,20180329,B-26098,29-03-2018,46,14,5,COD
847,148,6,20180329,B-26098,29-03-2018,59,15,2,UPI
848,148,14,20180329,B-26098,29-03-2018,82,8,3,EMI
849,148,1,20180329,B-26098,29-03-2018,497,179,3,Debit Card
850,179,16,20180413,B-25614,13-04-2018,98,-12,2,Credit Card
851,179,8,20180413,B-25614,13-04-2018,494,54,4,COD
852,180,8,20180721,B-25726,21-07-2018,490,-128,8,UPI
853,181,4,20180306,B-26050,06-03-2018,32,6,3,UPI
854,181,2,20180306,B-26050,06-03-2018,487,143,4,EMI
855,181,6,20180306,B-26050,06-03-2018,325,32,7,COD
856,181,3,20180306,B-26050,06-03-2018,79,32,3,Debit Card
857,181,14,20180306,B-26050,06-03-2018,166,27,2,EMI
858,181,3,20180306,B-26050,06-03-2018,169,55,4,Debit Card
859,181,11,20180306,B-26050,06-03-2018,284,44,6,COD
860,181,5,20180306,B-26050,06-03-2018,38,9,2,COD
861,181,7,20180306,B-26050,06-03-2018,382,92,2,COD
862,111,16,20180409,B-25609,09-04-2018,485,29,4,COD
863,111,3,20180409,B-25609,09-04-2018,249,-5,4,COD
864,182,16,20180803,B-25741,03-08-2018,482,-6,7,EMI
865,183,4,20180117,B-25956,17-01-2018,89,-37,4,COD
866,183,11,20180117,B-25956,17-01-2018,59,10,2,COD
867,183,2,20180117,B-25956,17-01-2018,140,28,2,COD
868,183,2,20180117,B-25956,17-01-2018,474,56,4,Debit Card
869,183,11,20180117,B-25956,17-01-2018,33,10,3,COD
870,184,16,20180614,B-25689,14-06-2018,469,-459,3,COD
871,184,5,20180614,B-25689,14-06-2018,97,17,2,Credit Card
872,184,5,20180614,B-25689,14-06-2018,149,136,3,UPI
873,185,14,20180105,B-25939,05-01-2018,136,41,3,UPI
874,185,14,20180105,B-25939,05-01-2018,61,18,2,COD
875,185,16,20180105,B-25939,05-01-2018,469,33,4,Debit Card
876,186,3,20181204,B-25890,04-12-2018,465,207,9,COD
877,187,6,20181010,B-25814,10-10-2018,118,35,7,EMI
878,187,3,20181010,B-25814,10-10-2018,462,169,4,COD
879,188,8,20180712,B-25718,12-07-2018,371,115,1,Debit Card
880,188,8,20180712,B-25718,12-07-2018,460,31,3,Debit Card
881,189,5,20181218,B-25914,18-12-2018,125,22,3,EMI
882,189,1,20181218,B-25914,18-12-2018,460,-143,3,Debit Card
883,190,11,20181210,B-25903,10-12-2018,19,8,2,Debit Card
884,190,12,20181210,B-25903,10-12-2018,25,11,3,Debit Card
885,190,14,20181210,B-25903,10-12-2018,455,77,8,COD
886,190,2,20181210,B-25903,10-12-2018,336,57,2,COD
887,190,11,20181210,B-25903,10-12-2018,37,17,3,Debit Card
888,190,4,20181210,B-25903,10-12-2018,74,33,2,Debit Card
889,190,9,20181210,B-25903,10-12-2018,60,-10,2,COD
890,190,11,20181210,B-25903,10-12-2018,204,-94,4,EMI
891,113,2,20180328,B-26096,28-03-2018,451,25,3,EMI
892,113,13,20180328,B-26096,28-03-2018,264,-26,3,COD
893,113,12,20180328,B-26096,28-03-2018,45,9,3,UPI
894,113,14,20180328,B-26096,28-03-2018,88,11,3,COD
895,113,4,20180328,B-26096,28-03-2018,140,56,4,UPI
896,113,3,20180328,B-26096,28-03-2018,103,46,2,Credit Card
897,191,7,20180510,B-25654,10-05-2018,450,-90,3,COD
898,191,16,20180510,B-25654,10-05-2018,269,-86,2,EMI
899,191,3,20180510,B-25654,10-05-2018,229,-23,2,UPI
900,191,9,20180510,B-25654,10-05-2018,122,-21,3,UPI
901,191,5,20180510,B-25654,10-05-2018,105,46,2,UPI
902,191,9,20180510,B-25654,10-05-2018,121,-17,3,Credit Card
903,191,3,20180510,B-25654,10-05-2018,54,-3,3,COD
904,191,11,20180510,B-25654,10-05-2018,34,12,3,Credit Card
905,50,3,20180321,B-26076,21-03-2018,219,4,2,COD
906,50,5,20180321,B-26076,21-03-2018,91,22,2,UPI
907,50,4,20180321,B-26076,21-03-2018,133,46,5,EMI
908,50,6,20180321,B-26076,21-03-2018,60,13,2,COD
909,50,8,20180321,B-26076,21-03-2018,450,-190,4,COD
910,192,7,20180118,B-25961,18-01-2018,446,53,3,COD
911,192,8,20180118,B-25961,18-01-2018,366,84,3,COD
912,192,4,20180118,B-25961,18-01-2018,48,16,3,COD
913,192,15,20180118,B-25961,18-01-2018,34,-10,3,COD
914,192,12,20180118,B-25961,18-01-2018,34,-12,5,COD
915,192,15,20180118,B-25961,18-01-2018,26,3,3,UPI
916,193,3,20181108,B-25854,08-11-2018,381,144,2,COD
917,193,3,20181108,B-25854,08-11-2018,53,-2,3,Debit Card
918,193,5,20181108,B-25854,08-11-2018,149,48,6,COD
919,193,11,20181108,B-25854,08-11-2018,76,19,3,COD
920,193,5,20181108,B-25854,08-11-2018,88,16,4,Credit Card
921,193,9,20181108,B-25854,08-11-2018,342,-154,7,Debit Card
922,193,11,20181108,B-25854,08-11-2018,40,16,3,COD
923,193,11,20181108,B-25854,08-11-2018,436,131,9,UPI
924,114,4,20180428,B-25642,28-04-2018,434,26,11,Credit Card
925,194,3,20180608,B-25683,08-06-2018,86,-55,6,COD
926,194,9,20180608,B-25683,08-06-2018,155,56,3,EMI
927,194,2,20180608,B-25683,08-06-2018,245,-3,4,UPI
928,194,7,20180608,B-25683,08-06-2018,433,26,3,Debit Card
929,194,5,20180608,B-25683,08-06-2018,148,52,5,UPI
930,195,11,20180214,B-26016,14-02-2018,202,4,4,COD
931,195,16,20180214,B-26016,14-02-2018,429,61,3,Credit Card
932,195,16,20180214,B-26016,14-02-2018,134,-13,3,UPI
933,195,4,20180214,B-26016,14-02-2018,74,9,3,UPI
934,138,14,20180223,B-26034,23-02-2018,425,183,5,UPI
935,196,3,20180310,B-26056,10-03-2018,424,161,2,COD
936,196,11,20180310,B-26056,10-03-2018,15,6,2,COD
937,196,11,20180310,B-26056,10-03-2018,101,11,2,UPI
938,196,11,20180310,B-26056,10-03-2018,47,20,7,UPI
939,196,5,20180310,B-26056,10-03-2018,70,24,3,UPI
940,196,11,20180310,B-26056,10-03-2018,206,18,4,Debit Card
941,196,8,20180310,B-26056,10-03-2018,213,-145,3,Debit Card
942,196,14,20180310,B-26056,10-03-2018,220,40,2,COD
943,196,2,20180310,B-26056,10-03-2018,391,90,6,Debit Card
944,196,11,20180310,B-26056,10-03-2018,33,9,2,COD
945,196,11,20180310,B-26056,10-03-2018,31,9,2,COD
946,196,17,20180310,B-26056,10-03-2018,19,-18,4,COD
947,197,16,20181015,B-25819,15-10-2018,417,49,3,COD
948,198,2,20180710,B-25715,10-07-2018,416,137,3,Debit Card
949,199,3,20180104,B-25933,04-01-2018,412,412,6,COD
950,199,3,20180104,B-25933,04-01-2018,207,-100,2,UPI
951,199,5,20180104,B-25933,04-01-2018,81,-44,3,COD
952,200,1,20180213,B-26014,13-02-2018,406,97,7,Credit Card
953,200,1,20180213,B-26014,13-02-2018,278,39,5,Debit Card
954,201,11,20180511,B-25655,11-05-2018,6,-3,1,UPI
955,201,15,20180511,B-25655,11-05-2018,74,-123,8,UPI
956,201,1,20180511,B-25655,11-05-2018,312,-312,7,COD
957,201,11,20180511,B-25655,11-05-2018,44,-26,3,Debit Card
958,201,3,20180511,B-25655,11-05-2018,396,-31,9,COD
959,201,3,20180511,B-25655,11-05-2018,110,-68,4,EMI
960,201,13,20180511,B-25655,11-05-2018,97,-62,2,COD
961,201,15,20180511,B-25655,11-05-2018,9,-6,2,Credit Card
962,201,11,20180511,B-25655,11-05-2018,7,-4,3,COD
963,202,5,20181012,B-25816,12-10-2018,391,113,8,COD
964,203,1,20180426,B-25634,26-04-2018,389,-83,3,UPI
965,204,8,20181204,B-25895,04-12-2018,388,93,2,COD
966,205,3,20180611,B-25687,11-06-2018,387,-213,5,UPI
967,205,5,20180611,B-25687,11-06-2018,17,6,1,UPI
968,205,3,20180611,B-25687,11-06-2018,357,139,2,Debit Card
969,205,6,20180611,B-25687,11-06-2018,51,21,3,COD
970,205,17,20180611,B-25687,11-06-2018,14,-1,4,COD
971,206,6,20180517,B-25662,17-05-2018,24,-2,2,COD
972,206,9,20180517,B-25662,17-05-2018,385,-77,11,UPI
973,206,16,20180517,B-25662,17-05-2018,86,-21,1,UPI
974,207,11,20180426,B-25635,26-04-2018,40,16,3,Debit Card
975,207,3,20180426,B-25635,26-04-2018,382,30,3,Credit Card
976,207,15,20180426,B-25635,26-04-2018,23,2,2,UPI
977,93,3,20180313,B-26060,13-03-2018,382,68,3,COD
978,207,5,20180303,B-26045,03-03-2018,376,0,7,Credit Card
979,207,9,20180303,B-26045,03-03-2018,302,75,6,Debit Card
980,207,3,20180303,B-26045,03-03-2018,179,77,1,UPI
981,207,5,20180303,B-26045,03-03-2018,27,5,1,UPI
982,208,8,20180902,B-25770,02-09-2018,299,113,2,COD
983,208,8,20180902,B-25770,02-09-2018,375,180,3,Credit Card
984,208,9,20180902,B-25770,02-09-2018,110,35,1,COD
985,208,1,20180902,B-25770,02-09-2018,287,-280,12,UPI
986,209,7,20180808,B-25744,08-08-2018,373,254,6,UPI
987,62,11,20180418,B-25618,18-04-2018,12,0,2,UPI
988,62,8,20180418,B-25618,18-04-2018,362,127,1,COD
989,210,11,20180118,B-25958,18-01-2018,105,25,2,EMI
990,210,3,20180118,B-25958,18-01-2018,360,32,3,UPI
991,211,3,20180902,B-25769,02-09-2018,355,-4,2,Debit Card
992,212,3,20180418,B-25619,18-04-2018,353,90,8,COD
993,213,3,20180611,B-25688,11-06-2018,352,-345,5,Credit Card
994,214,11,20181025,B-25829,25-10-2018,345,38,7,Debit Card
995,13,9,20180223,B-26036,23-02-2018,341,44,7,UPI
996,215,11,20180709,B-25714,09-07-2018,11,-5,2,COD
997,215,4,20180709,B-25714,09-07-2018,340,20,7,Credit Card
998,216,14,20180201,B-25989,01-02-2018,42,15,1,UPI
999,216,8,20180201,B-25989,01-02-2018,330,81,1,Credit Card
1000,216,11,20180201,B-25989,01-02-2018,338,41,7,UPI
1001,216,11,20180201,B-25989,01-02-2018,44,14,3,Credit Card
1002,216,5,20180201,B-25989,01-02-2018,10,5,1,COD
1003,217,2,20181104,B-25849,04-11-2018,336,123,3,UPI
1004,218,17,20181106,B-25851,06-11-2018,135,-54,5,COD
1005,218,8,20181106,B-25851,06-11-2018,336,71,3,COD
1006,218,6,20181106,B-25851,06-11-2018,90,29,5,COD
1007,218,3,20181106,B-25851,06-11-2018,62,1,3,COD
1008,218,6,20181106,B-25851,06-11-2018,57,27,2,COD
1009,218,6,20181106,B-25851,06-11-2018,237,47,9,UPI
1010,218,7,20181106,B-25851,06-11-2018,300,42,2,COD
1011,218,11,20181106,B-25851,06-11-2018,53,24,6,EMI
1012,218,3,20181106,B-25851,06-11-2018,103,46,2,UPI
1013,218,11,20181106,B-25851,06-11-2018,10,2,2,COD
1014,219,1,20180915,B-25782,15-09-2018,335,-22,7,UPI
1015,220,2,20180420,B-25621,20-04-2018,333,-15,3,COD
1016,220,16,20180420,B-25621,20-04-2018,233,-10,5,COD
1017,220,16,20180420,B-25621,20-04-2018,228,63,3,Credit Card
1018,221,11,20180204,B-25996,04-02-2018,31,2,2,COD
1019,221,2,20180204,B-25996,04-02-2018,333,50,2,COD
1020,221,15,20180204,B-25996,04-02-2018,62,6,6,COD
1021,221,3,20180204,B-25996,04-02-2018,189,4,1,UPI
1022,221,5,20180204,B-25996,04-02-2018,47,1,2,COD
1023,221,4,20180204,B-25996,04-02-2018,286,140,6,Debit Card
1024,221,9,20180204,B-25996,04-02-2018,217,72,2,COD
1025,222,4,20180603,B-25678,03-06-2018,27,-25,2,Debit Card
1026,222,2,20180603,B-25678,03-06-2018,327,-39,1,COD
1027,222,3,20180603,B-25678,03-06-2018,64,-7,3,COD
1028,222,15,20180603,B-25678,03-06-2018,7,-3,2,UPI
1029,223,13,20180722,B-25727,22-07-2018,327,114,4,COD
1030,223,12,20180722,B-25727,22-07-2018,57,-48,6,Debit Card
1031,47,11,20180214,B-26018,14-02-2018,61,8,4,Debit Card
1032,47,9,20180214,B-26018,14-02-2018,326,107,3,UPI
1033,224,7,20180824,B-25760,24-08-2018,322,-193,5,UPI
1034,225,6,20181005,B-25804,05-10-2018,156,36,5,EMI
1035,225,7,20181005,B-25804,05-10-2018,321,26,3,Debit Card
1036,226,15,20180818,B-25754,18-08-2018,9,-1,3,UPI
1037,226,17,20180818,B-25754,18-08-2018,72,-46,7,Debit Card
1038,226,15,20180818,B-25754,18-08-2018,19,0,3,UPI
1039,226,12,20180818,B-25754,18-08-2018,41,-14,5,UPI
1040,226,5,20180818,B-25754,18-08-2018,93,-65,4,Credit Card
1041,226,7,20180818,B-25754,18-08-2018,262,215,2,Debit Card
1042,226,3,20180818,B-25754,18-08-2018,319,312,5,Debit Card
1043,226,3,20180818,B-25754,18-08-2018,30,-23,2,UPI
1044,78,14,20180216,B-26020,16-02-2018,319,102,6,Credit Card
1045,181,3,20180427,B-25640,27-04-2018,1499,239,13,Credit Card
1046,181,13,20180427,B-25640,27-04-2018,68,-62,2,Debit Card
1047,181,3,20180427,B-25640,27-04-2018,122,-47,4,EMI
1048,227,9,20180922,B-25789,22-09-2018,67,-86,9,COD
1049,227,8,20180922,B-25789,22-09-2018,313,-13,5,UPI
1050,227,17,20180922,B-25789,22-09-2018,30,0,1,COD
1051,206,16,20180320,B-26072,20-03-2018,313,44,3,COD
1052,228,8,20180209,B-26007,09-02-2018,311,72,2,COD
1053,179,5,20180326,B-26087,26-03-2018,180,0,8,COD
1054,179,16,20180326,B-26087,26-03-2018,311,40,1,EMI
1055,179,3,20180326,B-26087,26-03-2018,119,56,7,EMI
1056,179,11,20180326,B-26087,26-03-2018,46,13,3,COD
1057,179,5,20180326,B-26087,26-03-2018,40,10,2,COD
1058,229,16,20180417,B-25617,17-04-2018,305,-270,5,Debit Card
1059,189,5,20180130,B-25984,30-01-2018,304,97,6,UPI
1060,230,16,20180831,B-25767,31-08-2018,299,-28,3,UPI
1061,230,14,20180831,B-25767,31-08-2018,74,-59,2,Debit Card
1062,230,3,20180831,B-25767,31-08-2018,48,-22,2,EMI
1063,230,3,20180831,B-25767,31-08-2018,29,-3,3,COD
1064,230,17,20180831,B-25767,31-08-2018,9,-9,2,COD
1065,231,5,20180131,B-25987,31-01-2018,299,0,6,COD
1066,231,11,20180131,B-25987,31-01-2018,88,11,7,UPI
1067,232,8,20181031,B-25840,31-10-2018,298,74,2,COD
1068,232,3,20181031,B-25840,31-10-2018,262,64,6,EMI
1069,232,8,20181031,B-25840,31-10-2018,246,61,2,Credit Card
1070,41,7,20180519,B-25663,19-05-2018,294,138,2,Debit Card
1071,8,7,20180221,B-26030,21-02-2018,291,93,2,COD
1072,8,15,20180221,B-26030,21-02-2018,11,5,1,COD
1073,8,5,20180221,B-26030,21-02-2018,50,25,5,COD
1074,8,4,20180221,B-26030,21-02-2018,89,36,3,UPI
1075,8,11,20180221,B-26030,21-02-2018,92,5,6,Credit Card
1076,8,14,20180221,B-26030,21-02-2018,221,35,4,Debit Card
1077,233,11,20180113,B-25947,13-01-2018,290,35,6,COD
1078,233,14,20180113,B-25947,13-01-2018,207,33,2,UPI
1079,234,15,20181205,B-25896,05-12-2018,31,-11,3,UPI
1080,234,17,20181205,B-25896,05-12-2018,287,-66,6,COD
1081,234,6,20181205,B-25896,05-12-2018,190,68,8,Credit Card
1082,234,11,20181205,B-25896,05-12-2018,103,36,2,COD
1083,234,9,20181205,B-25896,05-12-2018,79,-2,2,EMI
1084,234,17,20181205,B-25896,05-12-2018,42,7,2,COD
1085,234,15,20181205,B-25896,05-12-2018,23,4,2,COD
1086,235,7,20180210,B-26009,10-02-2018,285,128,2,COD
1087,235,4,20180210,B-26009,10-02-2018,195,12,9,Credit Card
1088,236,13,20181124,B-25876,24-11-2018,282,14,4,Debit Card
1089,237,16,20181219,B-25915,19-12-2018,277,3,1,COD
1090,238,2,20180924,B-25795,24-09-2018,276,-21,2,EMI
1091,239,3,20180208,B-26002,08-02-2018,276,52,5,EMI
1092,239,6,20180208,B-26002,08-02-2018,71,19,3,COD
1093,239,5,20180208,B-26002,08-02-2018,80,22,3,Debit Card
1094,239,3,20180208,B-26002,08-02-2018,141,7,7,COD
1095,239,3,20180208,B-26002,08-02-2018,113,28,2,UPI
1096,240,2,20180501,B-25645,01-05-2018,273,-87,4,COD
1097,240,6,20180501,B-25645,01-05-2018,86,0,4,Debit Card
1098,240,7,20180501,B-25645,01-05-2018,133,-42,1,UPI
1099,240,2,20180501,B-25645,01-05-2018,183,-66,5,UPI
1100,241,5,20181029,B-25837,29-10-2018,263,50,5,COD
1101,23,1,20180412,B-25612,12-04-2018,259,-55,2,COD
1102,242,11,20181010,B-25812,10-10-2018,259,47,5,UPI
1103,243,11,20181103,B-25843,03-11-2018,18,6,3,UPI
1104,243,5,20181103,B-25843,03-11-2018,45,0,2,UPI
1105,243,14,20181103,B-25843,03-11-2018,214,30,3,COD
1106,243,15,20181103,B-25843,03-11-2018,50,7,6,COD
1107,243,11,20181103,B-25843,03-11-2018,255,74,5,COD
1108,244,11,20180219,B-26026,19-02-2018,255,76,9,COD
1109,244,17,20180219,B-26026,19-02-2018,25,2,3,Credit Card
1110,194,1,20180906,B-25773,06-09-2018,224,-143,3,COD
1111,194,1,20180906,B-25773,06-09-2018,248,-70,3,Credit Card
1112,194,3,20180906,B-25773,06-09-2018,437,-14,2,UPI
1113,194,3,20180906,B-25773,06-09-2018,85,-9,4,COD
1114,194,16,20180906,B-25773,06-09-2018,209,-21,2,UPI
1115,245,3,20181124,B-25875,24-11-2018,248,8,2,Credit Card
1116,158,3,20180516,B-25660,16-05-2018,245,-78,3,COD
1117,246,9,20181222,B-25918,22-12-2018,244,-122,5,COD
1118,247,8,20180122,B-25971,22-01-2018,244,83,2,COD
1119,52,16,20180315,B-26063,15-03-2018,241,-77,4,COD
1120,248,17,20181117,B-25867,17-11-2018,240,12,6,UPI
1121,248,5,20181117,B-25867,17-11-2018,31,14,3,UPI
1122,248,4,20181117,B-25867,17-11-2018,163,26,4,COD
1123,249,11,20180628,B-25703,28-06-2018,231,-190,9,COD
1124,249,3,20180628,B-25703,28-06-2018,97,-45,4,COD
1125,249,11,20180628,B-25703,28-06-2018,32,-5,5,UPI
1126,249,3,20180628,B-25703,28-06-2018,47,-27,4,COD
1127,249,9,20180628,B-25703,28-06-2018,42,-23,2,UPI
1128,249,4,20180628,B-25703,28-06-2018,186,241,9,Credit Card
1129,249,5,20180628,B-25703,28-06-2018,17,-3,2,UPI
1130,249,17,20180628,B-25703,28-06-2018,22,-15,4,COD
1131,250,1,20180517,B-25661,17-05-2018,55,-33,2,Debit Card
1132,250,1,20180517,B-25661,17-05-2018,58,-42,2,Debit Card
1133,250,1,20180517,B-25661,17-05-2018,145,-104,5,UPI
1134,250,1,20180517,B-25661,17-05-2018,224,-81,3,COD
1135,250,11,20180517,B-25661,17-05-2018,19,-15,3,Credit Card
1136,250,11,20180517,B-25661,17-05-2018,7,-1,2,Credit Card
1137,251,16,20180812,B-25748,12-08-2018,47,-21,2,COD
1138,251,2,20180812,B-25748,12-08-2018,224,58,3,UPI
1139,251,4,20180812,B-25748,12-08-2018,141,10,4,UPI
1140,251,12,20180812,B-25748,12-08-2018,8,-1,2,COD
1141,252,3,20180830,B-25766,30-08-2018,220,-19,2,Debit Card
1142,253,11,20181115,B-25861,15-11-2018,44,14,3,Debit Card
1143,253,16,20181115,B-25861,15-11-2018,216,-83,3,COD
1144,253,11,20181115,B-25861,15-11-2018,56,18,2,UPI
1145,253,11,20181115,B-25861,15-11-2018,62,6,5,COD
1146,253,3,20181115,B-25861,15-11-2018,128,4,3,COD
1147,253,5,20181115,B-25861,15-11-2018,50,3,2,EMI
1148,254,11,20180311,B-26058,11-03-2018,212,97,7,COD
1149,255,12,20181008,B-25808,08-10-2018,63,-17,6,COD
1150,255,11,20181008,B-25808,08-10-2018,210,-50,4,Credit Card
1151,255,16,20181008,B-25808,08-10-2018,146,-63,3,Debit Card
1152,255,5,20181008,B-25808,08-10-2018,59,21,2,UPI
1153,256,12,20181209,B-25900,09-12-2018,15,2,1,Debit Card
1154,256,2,20181209,B-25900,09-12-2018,210,62,2,COD
1155,256,6,20181209,B-25900,09-12-2018,140,68,5,COD
1156,257,16,20180325,B-26084,25-03-2018,209,-63,4,COD
1157,258,3,20180508,B-25652,08-05-2018,206,-206,3,COD
1158,258,14,20180508,B-25652,08-05-2018,174,-70,3,COD
1159,258,12,20180508,B-25652,08-05-2018,34,-6,4,COD
1160,258,12,20180508,B-25652,08-05-2018,21,-13,3,UPI
1161,258,15,20180508,B-25652,08-05-2018,24,-21,7,COD
1162,258,11,20180508,B-25652,08-05-2018,25,-2,5,UPI
1163,258,11,20180508,B-25652,08-05-2018,9,-6,2,COD
1164,259,11,20180209,B-26008,09-02-2018,206,51,4,Credit Card
1165,259,3,20180209,B-26008,09-02-2018,199,-1,1,Credit Card
1166,259,12,20180209,B-26008,09-02-2018,57,24,5,COD
1167,259,5,20180209,B-26008,09-02-2018,22,4,1,COD
1168,260,1,20181001,B-25799,01-10-2018,45,-15,2,COD
1169,260,3,20181001,B-25799,01-10-2018,205,-119,3,Debit Card
1170,260,5,20181001,B-25799,01-10-2018,70,-64,5,UPI
1171,260,3,20181001,B-25799,01-10-2018,47,-27,4,EMI
1172,261,16,20181231,B-25927,31-12-2018,200,7,4,Credit Card
1173,262,11,20180131,B-25985,31-01-2018,32,8,5,UPI
1174,262,17,20180131,B-25985,31-01-2018,197,20,4,Credit Card
1175,262,4,20180131,B-25985,31-01-2018,108,26,4,UPI
1176,262,5,20180131,B-25985,31-01-2018,44,11,4,COD
1177,263,2,20180203,B-25994,03-02-2018,196,-7,5,COD
1178,8,7,20180420,B-25620,20-04-2018,193,46,1,Credit Card
1179,264,2,20180707,B-25712,07-07-2018,193,-275,3,Credit Card
1180,265,6,20180125,B-25976,25-01-2018,193,8,4,UPI
1181,266,14,20180316,B-26068,16-03-2018,193,33,5,COD
1182,267,2,20180716,B-25721,16-07-2018,149,-40,2,COD
1183,267,15,20180716,B-25721,16-07-2018,29,-18,7,UPI
1184,267,4,20180716,B-25721,16-07-2018,191,51,5,UPI
1185,268,5,20181115,B-25863,15-11-2018,189,87,7,COD
1186,269,11,20180203,B-25991,03-02-2018,13,5,2,UPI
1187,269,4,20180203,B-25991,03-02-2018,188,13,7,COD
1188,269,1,20180203,B-25991,03-02-2018,90,30,2,UPI
1189,270,13,20180801,B-25737,01-08-2018,187,-15,3,COD
1190,131,11,20180301,B-26043,01-03-2018,79,5,6,Debit Card
1191,131,15,20180301,B-26043,01-03-2018,30,12,3,UPI
1192,131,5,20180301,B-26043,01-03-2018,185,48,4,UPI
1193,131,5,20180301,B-26043,01-03-2018,122,50,7,UPI
1194,131,11,20180301,B-26043,01-03-2018,62,28,5,UPI
1195,271,5,20180127,B-25977,27-01-2018,27,1,1,UPI
1196,271,5,20180127,B-25977,27-01-2018,74,29,3,COD
1197,271,6,20180127,B-25977,27-01-2018,180,54,4,Credit Card
1198,272,17,20181212,B-25908,12-12-2018,179,-25,5,COD
1199,273,4,20180107,B-25941,07-01-2018,177,41,4,Debit Card
1200,274,14,20180924,B-25794,24-09-2018,176,37,6,COD
1201,275,9,20180227,B-26041,27-02-2018,176,-28,5,COD
1202,276,4,20180618,B-25695,18-06-2018,171,14,9,Debit Card
1203,277,8,20180118,B-25960,18-01-2018,171,-140,2,EMI
1204,109,5,20180223,B-26037,23-02-2018,171,68,7,EMI
1205,278,14,20181225,B-25921,25-12-2018,84,-42,2,COD
1206,278,6,20181225,B-25921,25-12-2018,170,19,5,UPI
1207,278,14,20181225,B-25921,25-12-2018,71,-44,5,UPI
1208,279,3,20180110,B-25944,10-01-2018,169,38,3,Debit Card
1209,171,8,20180719,B-25724,19-07-2018,168,-51,2,COD
1210,179,5,20180219,B-26024,19-02-2018,168,18,6,Debit Card
1211,280,6,20180618,B-25694,18-06-2018,167,43,7,EMI
1212,281,14,20180521,B-25665,21-05-2018,166,-113,4,EMI
1213,282,16,20180208,B-26004,08-02-2018,162,73,2,COD
1214,282,3,20180208,B-26004,08-02-2018,147,44,3,COD
1215,257,3,20180411,B-25611,11-04-2018,160,-59,2,EMI
1216,283,9,20181210,B-25901,10-12-2018,159,2,3,EMI
1217,283,6,20181210,B-25901,10-12-2018,90,27,2,COD
1218,283,11,20181210,B-25901,10-12-2018,61,28,2,UPI
1219,283,11,20181210,B-25901,10-12-2018,158,38,3,UPI
1220,113,3,20180422,B-25623,22-04-2018,149,-87,4,COD
1221,113,5,20180422,B-25623,22-04-2018,105,20,2,Debit Card
1222,113,5,20180422,B-25623,22-04-2018,158,69,3,EMI
1223,113,5,20180422,B-25623,22-04-2018,53,1,4,COD
1224,284,1,20180708,B-25713,08-07-2018,158,-63,4,UPI
1225,62,11,20180327,B-26091,27-03-2018,29,10,4,UPI
1226,62,5,20180327,B-26091,27-03-2018,158,69,3,EMI
1227,62,12,20180327,B-26091,27-03-2018,59,10,4,COD
1228,200,6,20180403,B-25604,03-04-2018,65,17,2,UPI
1229,200,3,20180403,B-25604,03-04-2018,157,5,9,UPI
1230,171,1,20181023,B-25827,23-10-2018,156,21,3,COD
1231,285,12,20181029,B-25835,29-10-2018,52,11,5,COD
1232,285,12,20181029,B-25835,29-10-2018,27,2,2,UPI
1233,285,5,20181029,B-25835,29-10-2018,155,26,3,EMI
1234,286,11,20180219,B-26025,19-02-2018,41,19,5,Debit Card
1235,286,5,20180219,B-26025,19-02-2018,32,1,2,COD
1236,286,5,20180219,B-26025,19-02-2018,155,5,3,EMI
1237,287,11,20181009,B-25809,09-10-2018,53,24,1,Debit Card
1238,287,11,20181009,B-25809,09-10-2018,154,54,3,COD
1239,288,5,20181211,B-25905,11-12-2018,152,50,6,UPI
1240,289,9,20180113,B-25948,13-01-2018,152,23,3,COD
1241,220,5,20180327,B-26094,27-03-2018,152,50,6,COD
1242,290,11,20180113,B-25949,13-01-2018,151,9,3,EMI
1243,290,13,20180113,B-25949,13-01-2018,140,57,2,Debit Card
1244,290,11,20180113,B-25949,13-01-2018,24,11,3,COD
1245,291,15,20180207,B-26001,07-02-2018,8,2,2,UPI
1246,291,15,20180207,B-26001,07-02-2018,50,-10,6,Debit Card
1247,291,9,20180207,B-26001,07-02-2018,149,17,4,COD
1248,291,11,20180207,B-26001,07-02-2018,13,0,2,COD
1249,292,11,20180902,B-25771,02-09-2018,148,59,3,COD
1250,293,6,20180515,B-25659,15-05-2018,148,72,7,Debit Card
1251,294,1,20181228,B-25924,28-12-2018,148,54,2,UPI
1252,295,11,20181127,B-25883,27-11-2018,16,-15,4,UPI
1253,295,9,20181127,B-25883,27-11-2018,127,29,3,COD
1254,295,12,20181127,B-25883,27-11-2018,105,-26,8,Credit Card
1255,295,11,20181127,B-25883,27-11-2018,146,42,5,UPI
1256,295,12,20181127,B-25883,27-11-2018,10,-2,2,COD
1257,296,2,20180112,B-25946,12-01-2018,146,7,2,Debit Card
1258,201,5,20180316,B-26065,16-03-2018,146,19,5,COD
1259,78,12,20180324,B-26083,24-03-2018,43,8,3,COD
1260,78,14,20180324,B-26083,24-03-2018,45,17,1,COD
1261,78,14,20180324,B-26083,24-03-2018,143,6,2,UPI
1262,78,6,20180324,B-26083,24-03-2018,145,16,3,Debit Card
1263,78,3,20180324,B-26083,24-03-2018,34,3,3,COD
1264,297,16,20180720,B-25725,20-07-2018,144,-7,4,COD
1265,297,5,20180720,B-25725,20-07-2018,26,-5,2,UPI
1266,297,11,20180720,B-25725,20-07-2018,23,-5,7,Credit Card
1267,107,6,20180424,B-25630,24-04-2018,34,-22,4,COD
1268,107,5,20180424,B-25630,24-04-2018,133,12,5,Debit Card
1269,107,17,20180424,B-25630,24-04-2018,114,-39,5,COD
1270,107,17,20180424,B-25630,24-04-2018,42,-26,2,COD
1271,107,5,20180424,B-25630,24-04-2018,40,-7,3,COD
1272,107,2,20180424,B-25630,24-04-2018,143,-129,2,COD
1273,298,3,20180528,B-25673,28-05-2018,143,-124,5,UPI
1274,298,6,20180528,B-25673,28-05-2018,37,-5,3,Debit Card
1275,298,4,20180528,B-25673,28-05-2018,45,-2,4,COD
1276,298,3,20180528,B-25673,28-05-2018,149,-1,1,COD
1277,298,3,20180528,B-25673,28-05-2018,44,-17,5,UPI
1278,299,9,20180617,B-25692,17-06-2018,141,28,7,UPI
1279,300,4,20180203,B-25992,03-02-2018,141,41,3,UPI
1280,301,5,20180829,B-25765,29-08-2018,139,14,3,COD
1281,302,4,20181204,B-25892,04-12-2018,139,30,3,UPI
1282,244,11,20180326,B-26089,26-03-2018,27,4,1,COD
1283,244,17,20180326,B-26089,26-03-2018,59,24,6,Debit Card
1284,244,17,20180326,B-26089,26-03-2018,139,14,3,COD
1285,303,2,20180913,B-25780,13-09-2018,137,-41,3,Debit Card
1286,304,1,20180609,B-25684,09-06-2018,134,42,2,COD
1287,305,1,20180803,B-25739,03-08-2018,133,-56,2,COD
1288,306,9,20180726,B-25731,26-07-2018,131,-154,8,COD
1289,254,6,20180504,B-25648,04-05-2018,30,13,1,UPI
1290,254,2,20180504,B-25648,04-05-2018,100,-23,1,COD
1291,254,3,20180504,B-25648,04-05-2018,130,-41,4,EMI
1292,254,3,20180504,B-25648,04-05-2018,55,-26,4,UPI
1293,307,6,20180224,B-26038,24-02-2018,41,19,2,Debit Card
1294,307,5,20180224,B-26038,24-02-2018,52,14,2,COD
1295,307,4,20180224,B-26038,24-02-2018,130,61,3,Debit Card
1296,307,6,20180224,B-26038,24-02-2018,30,6,1,COD
1297,308,5,20180625,B-25700,25-06-2018,44,-32,3,Debit Card
1298,308,4,20180625,B-25700,25-06-2018,129,-75,5,Debit Card
1299,308,11,20180625,B-25700,25-06-2018,7,-3,2,COD
1300,163,3,20180214,B-26015,14-02-2018,128,55,1,COD
1301,309,14,20180629,B-25704,29-06-2018,126,-63,3,UPI
1302,309,2,20180629,B-25704,29-06-2018,102,0,3,COD
1303,310,11,20181010,B-25811,10-10-2018,126,52,4,UPI
1304,311,11,20181016,B-25821,16-10-2018,17,0,1,COD
1305,311,14,20181016,B-25821,16-10-2018,125,0,3,COD
1306,311,5,20181016,B-25821,16-10-2018,60,21,4,COD
1307,312,6,20181124,B-25874,24-11-2018,124,54,5,COD
1308,313,9,20180524,B-25668,24-05-2018,123,17,3,COD
1309,314,11,20181001,B-25800,01-10-2018,45,12,7,UPI
1310,314,14,20181001,B-25800,01-10-2018,122,-66,9,COD
1311,314,12,20181001,B-25800,01-10-2018,21,-6,3,COD
1312,315,14,20180101,B-25928,01-01-2018,122,15,3,EMI
1313,315,9,20180101,B-25928,01-01-2018,25,10,1,UPI
1314,257,11,20180217,B-26021,17-02-2018,21,-12,3,Debit Card
1315,257,5,20180217,B-26021,17-02-2018,49,21,1,UPI
1316,257,9,20180217,B-26021,17-02-2018,122,59,7,COD
1317,316,11,20180316,B-26064,16-03-2018,61,3,4,COD
1318,316,12,20180316,B-26064,16-03-2018,75,2,5,Debit Card
1319,316,6,20180316,B-26064,16-03-2018,122,38,6,Credit Card
1320,316,3,20180316,B-26064,16-03-2018,179,0,2,Debit Card
1321,317,5,20181126,B-25882,26-11-2018,121,19,4,COD
1322,318,5,20181204,B-25891,04-12-2018,121,41,4,UPI
1323,318,11,20181204,B-25891,04-12-2018,97,36,7,UPI
1324,318,11,20181204,B-25891,04-12-2018,25,2,2,UPI
1325,319,1,20181016,B-25820,16-10-2018,119,1,1,COD
1326,320,6,20181203,B-25889,03-12-2018,114,11,4,Debit Card
1327,320,17,20181203,B-25889,03-12-2018,119,-43,7,Credit Card
1328,320,17,20181203,B-25889,03-12-2018,31,10,1,COD
1329,321,11,20181121,B-25871,21-11-2018,118,25,4,Credit Card
1330,322,4,20180426,B-25637,26-04-2018,117,14,3,UPI
1331,244,11,20180415,B-25616,15-04-2018,14,-2,3,UPI
1332,244,5,20180415,B-25616,15-04-2018,116,-56,5,Credit Card
1333,244,11,20180415,B-25616,15-04-2018,42,12,5,COD
1334,244,11,20180415,B-25616,15-04-2018,22,-2,3,COD
1335,323,14,20180123,B-25972,23-01-2018,115,47,2,COD
1336,324,1,20181005,B-25805,05-10-2018,112,15,2,COD
1337,325,17,20181115,B-25860,15-11-2018,112,24,3,COD
1338,326,6,20180322,B-26080,22-03-2018,109,35,6,COD
1339,327,5,20181007,B-25807,07-10-2018,16,6,1,COD
1340,328,16,20180729,B-25734,29-07-2018,108,-19,3,UPI
1341,329,5,20181124,B-25880,24-11-2018,108,37,2,Credit Card
1342,330,3,20180104,B-25934,04-01-2018,105,33,6,EMI
1343,331,5,20181217,B-25913,17-12-2018,103,21,7,UPI
1344,332,6,20181216,B-25912,16-12-2018,102,11,6,COD
1345,333,9,20181020,B-25824,20-10-2018,101,38,2,COD
1346,334,11,20180706,B-25711,06-07-2018,100,-58,4,COD
1347,335,5,20181115,B-25864,15-11-2018,100,6,4,COD
1348,335,11,20181115,B-25864,15-11-2018,27,9,2,COD
1349,335,12,20181115,B-25864,15-11-2018,22,8,2,COD
1350,335,11,20181115,B-25864,15-11-2018,17,5,1,UPI
1351,336,6,20181221,B-25917,21-12-2018,100,12,2,UPI
1352,29,11,20180305,B-26049,05-03-2018,100,28,2,UPI
1353,337,6,20181224,B-25920,24-12-2018,100,7,2,UPI
1354,338,5,20180624,B-25699,24-06-2018,49,-31,2,UPI
1355,338,9,20180624,B-25699,24-06-2018,20,-22,1,UPI
1356,338,12,20180624,B-25699,24-06-2018,34,-13,5,COD
1357,338,14,20180624,B-25699,24-06-2018,21,-5,1,COD
1358,339,15,20180730,B-25735,30-07-2018,7,-1,2,UPI
1359,339,11,20180730,B-25735,30-07-2018,12,-2,3,COD
1360,339,11,20180730,B-25735,30-07-2018,15,-7,1,UPI
1361,340,1,20180626,B-25701,26-06-2018,98,-45,2,UPI
1362,340,4,20180626,B-25701,26-06-2018,33,-29,3,UPI
1363,340,15,20180626,B-25701,26-06-2018,10,-8,2,COD
1364,340,11,20180626,B-25701,26-06-2018,33,-12,5,COD
1365,212,6,20180327,B-26092,27-03-2018,97,14,2,Credit Card
1366,111,5,20180323,B-26082,23-03-2018,95,5,2,UPI
1367,341,12,20181014,B-25818,14-10-2018,32,11,2,UPI
1368,341,17,20181014,B-25818,14-10-2018,36,0,4,COD
1369,341,11,20181014,B-25818,14-10-2018,28,14,4,COD
1370,341,11,20181014,B-25818,14-10-2018,75,28,9,UPI
1371,341,9,20181014,B-25818,14-10-2018,94,20,2,UPI
1372,342,12,20181103,B-25846,03-11-2018,94,7,7,UPI
1373,60,5,20180212,B-26011,12-02-2018,93,44,2,Credit Card
1374,275,9,20180424,B-25631,24-04-2018,89,-89,2,COD
1375,195,4,20180406,B-25606,06-04-2018,87,4,2,COD
1376,343,3,20180810,B-25746,10-08-2018,87,16,2,UPI
1377,344,5,20180208,B-26005,08-02-2018,87,10,3,COD
1378,345,3,20181103,B-25844,03-11-2018,86,8,2,Debit Card
1379,346,3,20181119,B-25869,19-11-2018,86,9,3,COD
1380,46,3,20180316,B-26066,16-03-2018,86,22,2,Debit Card
1381,347,3,20181115,B-25865,15-11-2018,85,-1,3,Credit Card
1382,37,4,20180225,B-26039,25-02-2018,83,34,5,Debit Card
1383,348,15,20181220,B-25916,20-12-2018,80,-26,9,EMI
1384,229,5,20180327,B-26090,27-03-2018,80,22,3,EMI
1385,349,15,20180131,B-25988,31-01-2018,79,-124,9,COD
1386,350,5,20181211,B-25906,11-12-2018,78,27,3,COD
1387,326,1,20180214,B-26017,14-02-2018,78,7,1,COD
1388,162,9,20180430,B-25644,30-04-2018,76,-92,8,COD
1389,351,3,20180604,B-25679,04-06-2018,76,-50,1,COD
1390,352,12,20180718,B-25723,18-07-2018,12,-7,2,UPI
1391,352,16,20180718,B-25723,18-07-2018,76,-54,3,COD
1392,352,5,20180718,B-25723,18-07-2018,26,-24,1,COD
1393,352,5,20180718,B-25723,18-07-2018,16,-12,2,UPI
1394,163,3,20180405,B-25605,05-04-2018,75,0,7,EMI
1395,353,5,20180924,B-25792,24-09-2018,74,-25,3,COD
1396,354,3,20180604,B-25680,04-06-2018,73,-25,3,COD
1397,355,1,20180104,B-25931,04-01-2018,73,-36,3,UPI
1398,356,9,20180104,B-25932,04-01-2018,71,-14,4,COD
1399,357,3,20180202,B-25990,02-02-2018,71,32,3,Debit Card
1400,286,11,20180415,B-25615,15-04-2018,68,20,5,Debit Card
1401,220,12,20180222,B-26031,22-02-2018,67,9,4,Debit Card
1402,358,6,20181001,B-25801,01-10-2018,15,-2,1,Debit Card
1403,358,12,20181001,B-25801,01-10-2018,21,-10,4,COD
1404,358,3,20181001,B-25801,01-10-2018,64,6,4,COD
1405,358,5,20181001,B-25801,01-10-2018,49,-31,2,COD
1406,359,11,20181029,B-25833,29-10-2018,64,27,5,UPI
1407,359,5,20181029,B-25833,29-10-2018,45,16,3,COD
1408,359,11,20181029,B-25833,29-10-2018,36,4,9,COD
1409,200,11,20180322,B-26077,22-03-2018,62,11,7,UPI
1410,360,3,20180105,B-25936,05-01-2018,61,25,4,UPI
1411,361,9,20180105,B-25938,05-01-2018,61,1,2,COD
1412,361,5,20180105,B-25938,05-01-2018,59,25,3,COD
1413,362,3,20180711,B-25716,11-07-2018,58,0,4,UPI
1414,363,3,20180803,B-25740,03-08-2018,58,-8,2,COD
1415,363,5,20180803,B-25740,03-08-2018,40,-37,3,COD
1416,363,15,20180803,B-25740,03-08-2018,7,0,2,COD
1417,364,1,20180827,B-25763,27-08-2018,58,-52,3,COD
1418,365,4,20181122,B-25872,22-11-2018,57,27,2,COD
1419,45,17,20181124,B-25879,24-11-2018,57,-28,2,COD
1420,366,12,20181230,B-25926,30-12-2018,57,6,5,Debit Card
1421,60,12,20180321,B-26074,21-03-2018,57,21,4,COD
1422,109,5,20180423,B-25627,23-04-2018,55,-39,4,COD
1423,367,11,20180106,B-25940,06-01-2018,13,3,2,COD
1424,367,5,20180106,B-25940,06-01-2018,55,4,2,COD
1425,367,12,20180106,B-25940,06-01-2018,46,0,4,COD
1426,322,15,20180304,B-26047,04-03-2018,55,12,5,COD
1427,293,17,20180317,B-26069,17-03-2018,55,18,2,COD
1428,229,6,20180220,B-26027,20-02-2018,54,8,4,COD
1429,368,9,20180119,B-25963,19-01-2018,53,8,3,UPI
1430,369,5,20181226,B-25922,26-12-2018,52,18,2,COD
1431,370,5,20181116,B-25866,16-11-2018,51,14,2,COD
1432,326,12,20180406,B-25607,06-04-2018,50,-15,4,COD
1433,371,5,20180908,B-25775,08-09-2018,50,-17,2,COD
1434,372,9,20180204,B-25998,04-02-2018,50,-28,5,COD
1435,258,5,20180315,B-26062,15-03-2018,44,-40,3,COD
1436,258,5,20180315,B-26062,15-03-2018,50,-17,2,COD
1437,258,5,20180315,B-26062,15-03-2018,13,-2,1,COD
1438,373,5,20180717,B-25722,17-07-2018,48,-8,8,COD
1439,374,17,20180909,B-25776,09-09-2018,47,-20,2,Debit Card
1440,169,3,20180222,B-26032,22-02-2018,47,15,5,Debit Card
1441,375,16,20180630,B-25705,30-06-2018,46,0,2,COD
1442,307,9,20180424,B-25628,24-04-2018,35,-8,2,Debit Card
1443,307,3,20180424,B-25628,24-04-2018,219,-9,4,Credit Card
1444,307,15,20180424,B-25628,24-04-2018,45,13,4,COD
1445,376,5,20180728,B-25733,28-07-2018,43,-43,7,Debit Card
1446,376,5,20180728,B-25733,28-07-2018,30,-10,2,COD
1447,376,11,20180728,B-25733,28-07-2018,23,-6,4,COD
1448,125,3,20180503,B-25647,03-05-2018,42,-6,4,UPI
1449,377,16,20180923,B-25790,23-09-2018,42,-3,1,COD
1450,378,3,20180701,B-25709,01-07-2018,33,-12,7,UPI
1451,378,1,20180701,B-25709,01-07-2018,41,-6,1,Credit Card
1452,379,17,20181215,B-25911,15-12-2018,40,15,1,COD
1453,380,9,20180907,B-25774,07-09-2018,38,-6,2,UPI
1454,381,5,20180228,B-26042,28-02-2018,36,15,3,UPI
1455,382,5,20181010,B-25815,10-10-2018,35,14,2,Credit Card
1456,383,3,20181018,B-25822,18-10-2018,34,13,2,COD
1457,384,5,20180321,B-26075,21-03-2018,34,12,2,COD
1458,161,12,20180915,B-25783,15-09-2018,33,-10,6,UPI
1459,161,5,20180915,B-25783,15-09-2018,25,-11,1,UPI
1460,161,11,20180915,B-25783,15-09-2018,26,2,2,COD
1461,161,11,20180915,B-25783,15-09-2018,30,-6,2,UPI
1462,161,4,20180915,B-25783,15-09-2018,21,-17,3,COD
1463,146,11,20180304,B-26046,04-03-2018,32,3,8,COD
1464,385,15,20180615,B-25690,15-06-2018,31,-10,3,COD
1465,386,5,20180701,B-25706,01-07-2018,31,-11,4,COD
1466,387,15,20180731,B-25736,31-07-2018,31,-7,5,UPI
1467,388,1,20180715,B-25720,15-07-2018,30,-35,1,COD
1468,389,11,20181211,B-25907,11-12-2018,30,11,5,COD
1469,299,5,20180712,B-25719,12-07-2018,29,10,2,COD
1470,50,15,20180213,B-26013,13-02-2018,29,-10,3,COD
1471,203,15,20180302,B-26044,02-03-2018,28,-10,3,COD
1472,390,5,20180505,B-25649,05-05-2018,27,-25,2,COD
1473,266,6,20180514,B-25658,14-05-2018,27,9,2,UPI
1474,391,5,20180528,B-25672,28-05-2018,27,-15,1,UPI
1475,138,11,20180422,B-25624,22-04-2018,26,12,3,COD
1476,392,11,20181128,B-25884,28-11-2018,24,2,4,COD
1477,51,9,20180427,B-25641,27-04-2018,22,-6,1,COD
1478,393,15,20181101,B-25841,01-11-2018,22,11,2,Credit Card
1479,94,17,20180127,B-25980,27-01-2018,22,11,3,COD
1480,384,3,20180213,B-26012,13-02-2018,199,8,2,COD
1481,212,6,20180220,B-26029,20-02-2018,21,10,1,Debit Card
1482,250,11,20180319,B-26071,19-03-2018,21,4,3,Credit Card
1483,196,3,20180501,B-25646,01-05-2018,299,-8,2,COD
1484,394,14,20180602,B-25677,02-06-2018,20,-2,1,UPI
1485,395,11,20180823,B-25759,23-08-2018,20,-9,6,Debit Card
1486,390,6,20180312,B-26059,12-03-2018,20,6,1,COD
1487,381,12,20180425,B-25632,25-04-2018,19,-2,2,Debit Card
1488,195,11,20180322,B-26079,22-03-2018,18,3,2,Debit Card
1489,396,15,20180528,B-25674,28-05-2018,17,-12,5,Debit Card
1490,397,11,20180121,B-25965,21-01-2018,17,7,3,Debit Card
1491,398,5,20180727,B-25732,27-07-2018,16,-5,2,UPI
1492,399,5,20181029,B-25834,29-10-2018,16,5,1,UPI
1493,400,11,20180915,B-25784,15-09-2018,15,4,1,Debit Card
1494,401,12,20180129,B-25982,29-01-2018,13,3,1,COD
1495,402,5,20180921,B-25788,21-09-2018,12,3,1,UPI
1496,403,15,20180803,B-25742,03-08-2018,11,-8,2,UPI
1497,286,11,20180326,B-26088,26-03-2018,11,5,2,UPI
1498,404,5,20180701,B-25707,01-07-2018,8,-6,1,COD
1499,405,5,20180822,B-25758,22-08-2018,8,-2,1,COD
1500,169,17,20180328,B-26095,28-03-2018,6,1,1,UPI
